date,open,high,low,close,volume
2021-10-11,347.6600036621094,349.55999755859375,344.8599853515625,344.9800109863281,4098400
2021-10-12,345.489990234375,346.1000061035156,343.19000244140625,343.7799987792969,5100300
2021-10-13,343.95001220703125,344.55999755859375,341.1199951171875,343.8900146484375,4189100
2021-10-14,347.2099914550781,349.2200012207031,346.6000061035156,349.1300048828125,4473900
2021-10-15,351.6499938964844,353.0799865722656,350.9200134277344,352.8500061035156,4206800
2021-10-18,351.3399963378906,353.1300048828125,350.25,352.5,3310600
2021-10-19,353.6700134277344,354.510009765625,352.79998779296875,354.4599914550781,2380900
2021-10-20,354.510009765625,356.5799865722656,354.3699951171875,356.0299987792969,2873800
2021-10-21,355.3900146484375,356.0899963378906,354.29998779296875,355.9599914550781,2243800
2021-10-22,355.9700012207031,357.6199951171875,355.32000732421875,356.739990234375,3872300
2021-10-25,357.3599853515625,357.8900146484375,356.2900085449219,357.54998779296875,2518200
2021-10-26,358.55999755859375,358.92999267578125,357.3699951171875,357.5,3182200
2021-10-27,358.0899963378906,358.29998779296875,354.9599914550781,354.9800109863281,3542100
2021-10-28,355.75,357.3800048828125,355.75,357.29998779296875,2490500
2021-10-29,356.6499938964844,358.5199890136719,356.3900146484375,358.2300109863281,2979600
2021-11-01,359.45001220703125,360.04998779296875,357.9800109863281,359.1300048828125,2548400
2021-11-02,359.4100036621094,360.8800048828125,358.7900085449219,360.57000732421875,2629000
2021-11-03,359.9100036621094,361.8399963378906,358.8999938964844,361.55999755859375,3557400
2021-11-04,361.3399963378906,361.6499938964844,359.8699951171875,361.3500061035156,3870900
2021-11-05,362.9599914550781,364.94000244140625,361.8900146484375,363.29998779296875,4489000
2021-11-08,365.05999755859375,365.6400146484375,363.3299865722656,364.32000732421875,3056000
2021-11-09,364.19000244140625,364.29998779296875,361.82000732421875,363.2799987792969,3680600
2021-11-10,362.5199890136719,363.7300109863281,360.2799987792969,361.07000732421875,3529000
2021-11-11,361.19000244140625,361.260009765625,359.3800048828125,359.4599914550781,2461200
2021-11-12,360.69000244140625,361.739990234375,359.5799865722656,361.2799987792969,3099800
2021-11-15,362.6000061035156,362.7300109863281,360.6700134277344,361.239990234375,2555000
2021-11-16,361.82000732421875,363.5400085449219,361.70001220703125,361.92999267578125,2728600
2021-11-17,361.44000244140625,361.5799865722656,359.5400085449219,359.8500061035156,2976000
2021-11-18,360.0299987792969,360.04998779296875,357.1300048828125,359.3500061035156,3438100
2021-11-19,357.8900146484375,357.8900146484375,355.3800048828125,355.9100036621094,3542200
2021-11-22,357.4800109863281,359.239990234375,356.0899963378906,356.20001220703125,4929200
2021-11-23,356.2799987792969,358.3699951171875,355.3399963378906,358.0199890136719,5789300
2021-11-24,356.05999755859375,358.20001220703125,355.79998779296875,358.0299987792969,4246700
2021-11-26,350.3299865722656,351.4599914550781,347.3599853515625,349.0199890136719,9075000
2021-11-29,352.5899963378906,352.7699890136719,348.9200134277344,351.19000244140625,5243000
2021-11-30,348.70001220703125,350.010009765625,344.3599853515625,344.8999938964844,9543500
2021-12-01,348.0400085449219,350.3800048828125,340.32000732421875,340.4599914550781,8415000
2021-12-02,341.80999755859375,347.95001220703125,341.1700134277344,346.6099853515625,8326400
2021-12-03,347.8599853515625,348.5,343.0799865722656,346.239990234375,11365300
2021-12-06,349.260009765625,354.0199890136719,348.8299865722656,352.82000732421875,7026500
2021-12-07,355.92999267578125,358.6099853515625,355.7900085449219,357.739990234375,5271500
2021-12-08,358.1700134277344,358.8699951171875,356.4200134277344,357.989990234375,3355600
2021-12-09,356.75,359.17999267578125,356.3500061035156,358.1099853515625,3774500
2021-12-10,359.5899963378906,360.3299865722656,357.6099853515625,360.2300109863281,3855200
2021-12-13,359.42999267578125,359.989990234375,356.6099853515625,357.0400085449219,4563000
2021-12-14,355.7099914550781,358.4100036621094,354.9700012207031,356.1700134277344,4079700
2021-12-15,355.8299865722656,359.9700012207031,354.44000244140625,359.80999755859375,9274900
2021-12-16,361.2699890136719,362.510009765625,358.30999755859375,359.44000244140625,9493700
2021-12-17,356.29998779296875,356.92999267578125,352.7099914550781,353.6300048828125,10638300
2021-12-20,349.3800048828125,349.6400146484375,346.5400085449219,349.2699890136719,7303400
2021-12-21,352.1600036621094,354.9800109863281,351.510009765625,354.9100036621094,4693300
2021-12-22,354.95001220703125,357.55999755859375,354.1700134277344,357.3900146484375,2999500
2021-12-23,358.3900146484375,360.5,358.1600036621094,359.3599853515625,2655000
2021-12-27,360.05999755859375,362.9599914550781,359.70001220703125,362.9200134277344,2594300
2021-12-28,363.1099853515625,365.1199951171875,362.8900146484375,363.989990234375,3048500
2021-12-29,363.8999938964844,365.6400146484375,363.7900085449219,364.8399963378906,3012200
2021-12-30,365.69000244140625,366.7200012207031,363.6000061035156,364.07000732421875,2863200
2021-12-31,363.510009765625,364.739990234375,362.9100036621094,363.32000732421875,3133800
2022-01-03,364.3399963378906,365.8500061035156,362.29998779296875,365.67999267578125,5624100
2022-01-04,367.3399963378906,369.2099914550781,367.2099914550781,367.8699951171875,5462200
2022-01-05,367.7099914550781,369.5,363.9800109863281,364.0899963378906,7638000
2022-01-06,364.1099853515625,364.6499938964844,361.9599914550781,362.3900146484375,7019800
2022-01-07,361.8900146484375,363.8699951171875,361.1300048828125,362.30999755859375,5806300
2022-01-10,361.07000732421875,361.2200012207031,356.44000244140625,360.7900085449219,8091800
2022-01-11,360.69000244140625,362.75,357.70001220703125,362.5400085449219,7310900
2022-01-12,363.7300109863281,364.55999755859375,361.6700134277344,362.95001220703125,4493200
2022-01-13,364.2099914550781,365.1300048828125,360.45001220703125,361.20001220703125,6418100
2022-01-14,358.2099914550781,359.79998779296875,356.3999938964844,359.1400146484375,8575400
2022-01-18,355.3299865722656,355.3599853515625,352.6199951171875,353.8500061035156,8166100
2022-01-19,354.9100036621094,355.54998779296875,350.2099914550781,350.3500061035156,7386500
2022-01-20,351.4800109863281,355.04998779296875,346.80999755859375,347.3299865722656,8968700
2022-01-21,347.0899963378906,348.8500061035156,342.1400146484375,342.3500061035156,16301600
2022-01-24,338.42999267578125,344.1199951171875,331.3500061035156,343.80999755859375,29707000
2022-01-25,340.260009765625,345.7900085449219,335.3399963378906,342.9599914550781,18657900
2022-01-26,346.0400085449219,348.0,338.5299987792969,341.4599914550781,19047300
2022-01-27,344.3999938964844,347.6300048828125,339.8900146484375,341.54998779296875,12854100
2022-01-28,341.8599853515625,347.17999267578125,337.8999938964844,347.1099853515625,12008900
2022-01-31,345.7799987792969,351.3599853515625,344.7200012207031,351.0799865722656,8379100
2022-02-01,351.6600036621094,354.2699890136719,349.67999267578125,353.94000244140625,7636000
2022-02-02,353.5899963378906,356.6600036621094,352.760009765625,356.0299987792969,8856400
2022-02-03,354.82000732421875,355.2200012207031,350.5799865722656,350.9800109863281,9339900
2022-02-04,350.3999938964844,353.25,347.82000732421875,350.8699951171875,8532300
2022-02-07,351.260009765625,353.1600036621094,349.8299865722656,350.8999938964844,4746200
2022-02-08,351.6000061035156,355.3500061035156,350.7900085449219,354.5400085449219,4568400
2022-02-09,357.3500061035156,358.1000061035156,356.6600036621094,357.6700134277344,4781700
2022-02-10,354.7799987792969,358.05999755859375,351.0299987792969,352.54998779296875,10298500
2022-02-11,352.4599914550781,354.4200134277344,346.2300109863281,347.2900085449219,8211500
2022-02-14,346.7200012207031,347.54998779296875,343.20001220703125,345.8900146484375,7315100
2022-02-15,348.92999267578125,350.760009765625,348.3500061035156,350.2200012207031,4932200
2022-02-16,348.760009765625,350.7200012207031,346.7099914550781,349.6700134277344,4496500
2022-02-17,347.42999267578125,347.7099914550781,342.8599853515625,343.67999267578125,4433500
2022-02-18,342.8999938964844,344.20001220703125,339.6700134277344,340.9800109863281,6193700
2022-02-22,338.7900085449219,340.260009765625,333.5799865722656,336.010009765625,7942700
2022-02-23,338.1600036621094,338.260009765625,330.82000732421875,331.5199890136719,5732600
2022-02-24,322.82000732421875,332.739990234375,322.69000244140625,332.3399963378906,14167100
2022-02-25,333.67999267578125,341.0199890136719,333.05999755859375,340.5400085449219,9496300
2022-02-28,335.95001220703125,339.82000732421875,334.7900085449219,339.3399963378906,8217300
2022-03-01,337.2699890136719,339.0199890136719,331.3299865722656,333.1600036621094,8532900
2022-03-02,335.2699890136719,340.45001220703125,334.69000244140625,339.0,6836200
2022-03-03,340.7099914550781,342.0899963378906,336.67999267578125,338.1300048828125,7790700
2022-03-04,334.6099853515625,336.8699951171875,332.79998779296875,336.4700012207031,6025000
2022-03-07,335.20001220703125,335.3299865722656,328.3399963378906,328.4700012207031,6590800
2022-03-08,328.489990234375,334.3999938964844,326.05999755859375,326.5299987792969,8209800
2022-03-09,333.1199951171875,335.0400085449219,331.57000732421875,333.3999938964844,4669200
2022-03-10,329.32000732421875,332.8500061035156,328.67999267578125,332.1099853515625,3317400
2022-03-11,334.1000061035156,335.7300109863281,329.69000244140625,330.0199890136719,6923400
2022-03-14,331.75,334.6000061035156,328.7900085449219,330.07000732421875,5640600
2022-03-15,332.0,336.8500061035156,331.1099853515625,336.19000244140625,6648500
2022-03-16,339.19000244140625,341.4200134277344,334.5400085449219,341.3599853515625,9577100
2022-03-17,339.94000244140625,345.5899963378906,339.6099853515625,345.45001220703125,6032900
2022-03-18,343.6199951171875,347.44000244140625,342.6499938964844,347.19000244140625,5903900
2022-03-21,346.6099853515625,347.92999267578125,343.29998779296875,345.44000244140625,4329900
2022-03-22,347.1199951171875,348.7200012207031,346.8599853515625,348.1400146484375,4430800
2022-03-23,345.75,346.44000244140625,343.3500061035156,343.4100036621094,4098700
2022-03-24,344.489990234375,347.05999755859375,343.44000244140625,347.05999755859375,3550000
2022-03-25,347.79998779296875,349.32000732421875,346.19000244140625,348.5400085449219,3206200
2022-03-28,347.75,349.489990234375,345.3800048828125,349.489990234375,2962400
2022-03-29,352.6600036621094,353.7099914550781,350.1300048828125,352.9700012207031,4711800
2022-03-30,352.1499938964844,353.4700012207031,350.44000244140625,352.1199951171875,3909800
2022-03-31,351.07000732421875,351.57000732421875,346.760009765625,346.8299865722656,3978900
2022-04-01,348.1499938964844,348.3500061035156,345.239990234375,348.010009765625,3560200
2022-04-04,347.6400146484375,349.2799987792969,346.0299987792969,349.239990234375,3829900
2022-04-05,347.82000732421875,351.04998779296875,345.5,346.3399963378906,4331700
2022-04-06,343.5899963378906,346.05999755859375,342.70001220703125,344.75,5431300
2022-04-07,343.7699890136719,347.1000061035156,341.8900146484375,345.9700012207031,4599900
2022-04-08,345.7099914550781,349.1199951171875,344.6499938964844,347.3699951171875,4535900
2022-04-11,345.3599853515625,347.0799865722656,342.739990234375,343.20001220703125,5344400
2022-04-12,344.4100036621094,346.75,341.0,342.2200012207031,4501400
2022-04-13,341.69000244140625,346.04998779296875,341.5400085449219,345.760009765625,3605000
2022-04-14,346.7099914550781,348.7300109863281,344.25,344.2900085449219,4179600
2022-04-18,343.8699951171875,346.07000732421875,342.6300048828125,344.1000061035156,3939000
2022-04-19,344.2900085449219,349.739990234375,344.25,349.1199951171875,4261200
2022-04-20,351.05999755859375,353.07000732421875,350.2799987792969,351.5299987792969,5677000
2022-04-21,353.9599914550781,354.8800048828125,347.17999267578125,347.7099914550781,5369600
2022-04-22,346.3399963378906,346.4100036621094,337.739990234375,338.2699890136719,6855100
2022-04-25,336.45001220703125,341.0799865722656,333.20001220703125,340.55999755859375,6806600
2022-04-26,338.0299987792969,339.04998779296875,332.2699890136719,332.45001220703125,7619800
2022-04-27,333.8800048828125,337.0,331.0799865722656,333.0299987792969,6894400
2022-04-28,335.239990234375,340.5400085449219,332.489990234375,339.2900085449219,5976600
2022-04-29,337.6199951171875,339.2300109863281,329.1000061035156,329.69000244140625,6495600
2022-05-02,330.3500061035156,332.3399963378906,324.4599914550781,330.739990234375,9221700
2022-05-03,331.17999267578125,333.4200134277344,329.1099853515625,331.25,6051000
2022-05-04,331.79998779296875,341.1700134277344,330.20001220703125,340.5899963378906,10569700
2022-05-05,337.8299865722656,338.239990234375,326.8900146484375,330.239990234375,9101200
2022-05-06,327.739990234375,330.6499938964844,324.75,329.07000732421875,10644200
2022-05-09,324.9800109863281,326.3699951171875,321.3699951171875,322.6000061035156,7817200
2022-05-10,326.5,327.6099853515625,319.05999755859375,321.8299865722656,7716500
2022-05-11,321.739990234375,326.07000732421875,318.1600036621094,318.4599914550781,9374700
2022-05-12,316.6000061035156,319.42999267578125,312.5299987792969,317.6400146484375,6790800
2022-05-13,320.3299865722656,323.0299987792969,318.8500061035156,322.2300109863281,4236700
2022-05-16,321.7099914550781,325.57000732421875,319.70001220703125,322.7799987792969,3692600
2022-05-17,326.8299865722656,327.3699951171875,323.4599914550781,327.1000061035156,3316800
2022-05-18,324.2099914550781,324.3900146484375,314.42999267578125,315.54998779296875,3659000
2022-05-19,312.1199951171875,316.3500061035156,310.8299865722656,313.17999267578125,3836700
2022-05-20,314.7900085449219,315.07000732421875,306.2799987792969,312.4200134277344,4654000
2022-05-23,315.32000732421875,319.6499938964844,314.7799987792969,318.8399963378906,4484600
2022-05-24,316.57000732421875,320.1499938964844,313.6199951171875,319.3900146484375,5260500
2022-05-25,317.9800109863281,322.5400085449219,317.45001220703125,321.2799987792969,4612800
2022-05-26,322.95001220703125,327.7699890136719,322.8999938964844,326.45001220703125,3270200
2022-05-27,327.04998779296875,332.1300048828125,326.82000732421875,332.07000732421875,2773100
2022-05-31,330.1700134277344,332.54998779296875,327.6600036621094,330.20001220703125,4354000
2022-06-01,332.4100036621094,332.95001220703125,326.1000061035156,328.3599853515625,3721400
2022-06-02,328.54998779296875,332.7799987792969,325.3599853515625,332.7699890136719,3718800
2022-06-03,329.8699951171875,331.7300109863281,328.7300109863281,329.3500061035156,4150900
2022-06-06,331.5899963378906,332.739990234375,328.5299987792969,329.45001220703125,1957600
2022-06-07,326.82000732421875,332.4700012207031,326.82000732421875,332.1700134277344,2424000
2022-06-08,330.55999755859375,331.92999267578125,328.55999755859375,329.3800048828125,2032900
2022-06-09,328.1600036621094,329.989990234375,323.0,323.0,2591500
2022-06-10,318.30999755859375,318.7699890136719,314.32000732421875,314.3699951171875,4484700
2022-06-13,307.5,309.6199951171875,304.1600036621094,305.5799865722656,6317200
2022-06-14,306.6099853515625,307.42999267578125,301.92999267578125,304.29998779296875,3724000
2022-06-15,306.3999938964844,310.67999267578125,302.260009765625,307.2300109863281,7060900
2022-06-16,301.3699951171875,301.6600036621094,298.0199890136719,299.8999938964844,4943500
2022-06-17,298.2699890136719,301.5799865722656,296.3900146484375,298.7200012207031,4738000
2022-06-21,303.0799865722656,306.4700012207031,302.6199951171875,305.2900085449219,3246500
2022-06-22,301.5299987792969,307.67999267578125,301.3299865722656,304.6099853515625,6361200
2022-06-23,305.6700134277344,307.05999755859375,302.7799987792969,306.739990234375,3582600
2022-06-24,309.20001220703125,315.1199951171875,309.1199951171875,315.0199890136719,3314800
2022-06-27,315.3999938964844,315.8900146484375,313.3800048828125,314.3599853515625,1896500
2022-06-28,316.0,318.75,309.2300109863281,309.3399963378906,3025900
2022-06-29,310.3999938964844,311.4800109863281,308.8299865722656,310.04998779296875,2462800
2022-06-30,306.75,309.82000732421875,304.25,307.82000732421875,4117800
2022-07-01,307.3999938964844,311.30999755859375,304.7699890136719,310.8500061035156,3315000
2022-07-05,306.6000061035156,309.760009765625,303.5799865722656,309.7099914550781,3767700
2022-07-06,310.0,312.2900085449219,307.94000244140625,310.4100036621094,2493300
2022-07-07,312.5400085449219,314.2699890136719,311.6099853515625,313.95001220703125,2267500
2022-07-08,313.5,315.1400146484375,312.1700134277344,313.4599914550781,2094300
2022-07-11,311.6600036621094,313.739990234375,311.1700134277344,311.70001220703125,2633200
2022-07-12,310.55999755859375,313.54998779296875,308.6000061035156,309.9700012207031,2806000
2022-07-13,306.19000244140625,309.94000244140625,305.1099853515625,307.75,3481200
2022-07-14,302.6600036621094,306.8599853515625,301.4700012207031,306.3999938964844,2893100
2022-07-15,310.80999755859375,312.7799987792969,309.1499938964844,312.6600036621094,3027500
2022-07-18,315.760009765625,316.3500061035156,309.7300109863281,310.6499938964844,2344900
2022-07-19,313.07000732421875,318.3999938964844,312.6600036621094,318.1099853515625,3004900
2022-07-20,318.239990234375,319.42999267578125,316.45001220703125,318.739990234375,3243000
2022-07-21,317.6300048828125,320.4599914550781,315.3800048828125,320.4100036621094,2159800
2022-07-22,321.760009765625,322.20001220703125,317.3399963378906,319.05999755859375,3264100
2022-07-25,320.07000732421875,320.3900146484375,318.25,319.9599914550781,4002500
2022-07-26,318.8900146484375,319.4800109863281,317.1000061035156,317.5400085449219,2101700
2022-07-27,318.8800048828125,323.44000244140625,318.0400085449219,322.010009765625,3338100
2022-07-28,322.45001220703125,326.1199951171875,319.80999755859375,325.2300109863281,2688400
2022-07-29,325.5199890136719,329.2699890136719,324.9200134277344,328.6600036621094,3225600
2022-08-01,326.9100036621094,329.7200012207031,326.45001220703125,328.0400085449219,2745500
2022-08-02,326.9700012207031,327.7799987792969,323.8999938964844,324.0400085449219,5394600
2022-08-03,325.70001220703125,329.1400146484375,325.1400146484375,328.1600036621094,2564600
2022-08-04,327.69000244140625,328.3599853515625,326.54998779296875,327.3599853515625,2426400
2022-08-05,325.07000732421875,328.19000244140625,324.92999267578125,327.9700012207031,2672400
2022-08-08,329.80999755859375,331.1199951171875,327.7099914550781,328.4200134277344,2528800
2022-08-09,328.2799987792969,328.94000244140625,327.19000244140625,327.9100036621094,1655100
2022-08-10,332.6000061035156,333.8299865722656,331.9599914550781,333.20001220703125,2934400
2022-08-11,335.82000732421875,336.79998779296875,333.17999267578125,333.7099914550781,2401600
2022-08-12,334.79998779296875,337.9200134277344,334.19000244140625,337.8299865722656,2606900
2022-08-15,336.1099853515625,339.8500061035156,336.05999755859375,339.3699951171875,1936500
2022-08-16,338.82000732421875,343.0899963378906,338.75,341.739990234375,3897100
2022-08-17,339.6700134277344,342.05999755859375,338.70001220703125,340.20001220703125,2960300
2022-08-18,340.20001220703125,341.0,338.9700012207031,340.5799865722656,1850900
2022-08-19,338.3500061035156,338.6600036621094,336.260009765625,337.0400085449219,2010300
2022-08-22,333.1099853515625,333.5199890136719,330.1600036621094,330.760009765625,2684500
2022-08-23,330.30999755859375,331.45001220703125,328.6400146484375,329.1099853515625,2897200
2022-08-24,328.92999267578125,331.0299987792969,328.3299865722656,329.8599853515625,2581700
2022-08-25,330.0899963378906,333.1499938964844,329.0,333.1499938964844,2498900
2022-08-26,333.489990234375,333.6700134277344,322.82000732421875,322.92999267578125,4191000
2022-08-29,320.5400085449219,323.3299865722656,319.75,321.1000061035156,2896900
2022-08-30,322.0899963378906,322.1700134277344,316.57000732421875,318.0400085449219,2926300
2022-08-31,318.4599914550781,320.1700134277344,315.6000061035156,315.6499938964844,2981600
2022-09-01,314.2900085449219,317.25,312.70001220703125,317.05999755859375,3228000
2022-09-02,319.7699890136719,320.75,312.30999755859375,313.760009765625,3826200
2022-09-06,314.54998779296875,315.20001220703125,310.92999267578125,312.20001220703125,3320400
2022-09-07,311.6400146484375,316.94000244140625,311.45001220703125,316.3299865722656,2520200
2022-09-08,314.69000244140625,318.3999938964844,313.67999267578125,318.239990234375,3301100
2022-09-09,320.0799865722656,322.94000244140625,319.5,322.2799987792969,2479300
2022-09-12,323.2900085449219,325.67999267578125,323.2099914550781,324.57000732421875,2486900
2022-09-13,318.79998779296875,319.5899963378906,310.8299865722656,311.7300109863281,4301200
2022-09-14,312.3599853515625,313.4800109863281,309.5299987792969,312.05999755859375,2868800
2022-09-15,311.6300048828125,313.5199890136719,309.5299987792969,310.3599853515625,3294600
2022-09-16,305.9599914550781,308.5799865722656,305.3500061035156,308.04998779296875,4071000
2022-09-19,305.3699951171875,310.19000244140625,305.2900085449219,310.1499938964844,2730000
2022-09-20,307.69000244140625,307.989990234375,304.5799865722656,307.0199890136719,2822800
2022-09-21,308.5199890136719,310.2699890136719,301.7200012207031,301.80999755859375,5110700
2022-09-22,301.55999755859375,302.9700012207031,299.8900146484375,300.5199890136719,3492500
2022-09-23,297.82000732421875,298.0,292.3999938964844,295.8599853515625,4949300
2022-09-26,294.6000061035156,296.239990234375,291.5,292.7200012207031,4143400
2022-09-27,294.7799987792969,296.5299987792969,289.5,291.29998779296875,3681000
2022-09-28,292.3500061035156,298.0299987792969,291.04998779296875,296.7300109863281,3995700
2022-09-29,294.7699890136719,294.8500061035156,289.8500061035156,292.2099914550781,3351100
2022-09-30,291.2099914550781,293.4599914550781,287.0400085449219,287.29998779296875,3827200
2022-10-03,290.55999755859375,296.3699951171875,289.4700012207031,294.7900085449219,3457600
2022-10-04,298.6099853515625,303.17999267578125,298.44000244140625,303.1400146484375,4163800
2022-10-05,299.7300109863281,304.54998779296875,298.79998779296875,302.7900085449219,2746900
2022-10-06,301.4700012207031,303.30999755859375,298.6099853515625,299.2300109863281,3081700
2022-10-07,296.7300109863281,296.8900146484375,291.44000244140625,292.9700012207031,3029300
2022-10-10,294.2799987792969,294.9200134277344,290.0899963378906,291.9599914550781,3154500
2022-10-11,291.17999267578125,296.1400146484375,290.7200012207031,292.2900085449219,3849900
2022-10-12,292.4599914550781,294.57000732421875,291.3699951171875,292.1600036621094,4378700
2022-10-13,287.1400146484375,301.7300109863281,286.6199951171875,300.55999755859375,7389600
2022-10-14,302.5400085449219,304.3599853515625,296.19000244140625,296.82000732421875,5519400
2022-10-17,300.8900146484375,303.2099914550781,299.9800109863281,302.05999755859375,3555700
2022-10-18,308.260009765625,308.3800048828125,303.0400085449219,305.4700012207031,4685500
2022-10-19,304.3399963378906,306.6499938964844,302.2900085449219,304.3500061035156,2939800
2022-10-20,304.8299865722656,308.3699951171875,302.739990234375,303.30999755859375,3574700
2022-10-21,303.0799865722656,311.20001220703125,302.010009765625,310.8800048828125,5357200
2022-10-24,312.5299987792969,316.0,311.6000061035156,315.04998779296875,4331700
2022-10-25,314.3500061035156,318.7799987792969,314.1099853515625,318.489990234375,6024800
2022-10-26,317.9800109863281,321.7200012207031,317.7699890136719,318.3800048828125,4991800
2022-10-27,321.55999755859375,323.8699951171875,319.9200134277344,320.4599914550781,4262200
2022-10-28,321.7699890136719,328.8900146484375,321.4599914550781,328.5799865722656,5251400
2022-10-31,326.9200134277344,328.82000732421875,325.8599853515625,327.4200134277344,5128200
2022-11-01,329.3699951171875,329.8299865722656,324.79998779296875,326.4100036621094,4376400
2022-11-02,325.4599914550781,330.75,321.32000732421875,321.3599853515625,7110300
2022-11-03,319.3500061035156,321.8500061035156,317.17999267578125,319.8699951171875,4112700
2022-11-04,323.6099853515625,326.1400146484375,319.3399963378906,324.1400146484375,6263700
2022-11-07,325.1400146484375,328.95001220703125,324.1499938964844,328.4200134277344,4518300
2022-11-08,329.4700012207031,333.55999755859375,328.2900085449219,331.7099914550781,6349000
2022-11-09,329.7099914550781,330.8699951171875,324.9599914550781,325.3399963378906,4799200
2022-11-10,334.2200012207031,337.489990234375,331.8800048828125,337.260009765625,6002300
2022-11-11,337.8999938964844,338.3699951171875,334.1400146484375,337.7900085449219,5190700
2022-11-14,336.7099914550781,339.8699951171875,335.55999755859375,335.7699890136719,3303300
2022-11-15,338.489990234375,340.1199951171875,333.4200134277344,336.2099914550781,4824100
2022-11-16,335.6700134277344,337.25,335.54998779296875,336.07000732421875,3085500
2022-11-17,332.7300109863281,336.7799987792969,332.7300109863281,336.1000061035156,3606500
2022-11-18,337.4599914550781,338.1499938964844,335.260009765625,337.3699951171875,3659100
2022-11-21,337.6600036621094,338.6499938964844,335.5299987792969,337.04998779296875,2304100
2022-11-22,338.8900146484375,341.1199951171875,338.3900146484375,340.9599914550781,4389400
2022-11-23,340.6099853515625,342.5799865722656,339.989990234375,341.95001220703125,3108500
2022-11-25,342.0899963378906,343.79998779296875,342.0299987792969,343.5199890136719,1498300
2022-11-28,341.69000244140625,342.9800109863281,337.95001220703125,338.489990234375,3089800
2022-11-29,337.92999267578125,339.3699951171875,336.6099853515625,338.4800109863281,2943600
2022-11-30,338.6499938964844,346.19000244140625,336.17999267578125,346.1499938964844,6940400
2022-12-01,346.75,346.760009765625,341.69000244140625,344.4100036621094,5325900
2022-12-02,340.8599853515625,345.4100036621094,340.8599853515625,344.739990234375,3736500
2022-12-05,342.45001220703125,343.30999755859375,339.0299987792969,340.0299987792969,3827200
2022-12-06,339.7699890136719,340.6499938964844,334.7200012207031,336.4599914550781,5516300
2022-12-07,336.1400146484375,338.3299865722656,335.5400085449219,336.44000244140625,3577100
2022-12-08,337.739990234375,339.6499938964844,337.05999755859375,338.4599914550781,3278400
2022-12-09,337.6700134277344,339.1099853515625,335.25,335.3699951171875,3815500
2022-12-12,336.1400146484375,340.6499938964844,336.05999755859375,340.6199951171875,5017300
2022-12-13,348.17999267578125,348.2200012207031,339.5,341.80999755859375,5274300
2022-12-14,341.7799987792969,344.6600036621094,337.6400146484375,340.2200012207031,5498400
2022-12-15,336.5799865722656,337.3699951171875,330.7799987792969,332.79998779296875,5865600
2022-12-16,329.2900085449219,330.5,326.45001220703125,328.9700012207031,6672200
2022-12-19,328.8699951171875,330.3299865722656,325.7099914550781,327.3800048828125,3709600
2022-12-20,327.5899963378906,329.8699951171875,326.4100036621094,328.3800048828125,4721700
2022-12-21,331.5400085449219,334.3299865722656,331.1199951171875,333.6000061035156,5086800
2022-12-22,331.5,331.8500061035156,325.6499938964844,330.260009765625,4876900
2022-12-23,329.6199951171875,332.19000244140625,328.05999755859375,331.92999267578125,3997900
2022-12-27,332.3399963378906,333.82000732421875,330.57000732421875,332.3699951171875,3098900
2022-12-28,332.69000244140625,333.739990234375,328.57000732421875,328.57000732421875,3102400
2022-12-29,330.5299987792969,332.8500061035156,330.1300048828125,332.05999755859375,2458800
2022-12-30,330.6199951171875,331.3999938964844,328.3500061035156,331.3299865722656,3881800
2023-01-03,332.4200134277344,333.8299865722656,328.3500061035156,331.2200012207031,3910700
2023-01-04,332.55999755859375,334.0400085449219,330.20001220703125,332.55999755859375,4137300
2023-01-05,330.9700012207031,331.1499938964844,328.1000061035156,329.2200012207031,4350100
2023-01-06,332.17999267578125,337.1199951171875,329.9100036621094,336.2799987792969,4800800
2023-01-09,337.69000244140625,339.4100036621094,334.9200134277344,335.2900085449219,3864000
2023-01-10,334.95001220703125,337.3299865722656,334.2900085449219,337.2300109863281,2277500
2023-01-11,338.3999938964844,339.80999755859375,337.1300048828125,339.760009765625,3265800
2023-01-12,340.8800048828125,343.0,337.95001220703125,342.0,4332600
2023-01-13,339.1600036621094,343.489990234375,339.1099853515625,343.0400085449219,3473400
2023-01-17,342.3599853515625,342.75,338.6300048828125,339.1600036621094,3929700
2023-01-18,339.57000732421875,340.20001220703125,332.70001220703125,332.9700012207031,5164300
2023-01-19,331.05999755859375,332.4599914550781,329.9700012207031,330.6300048828125,3454200
2023-01-20,330.82000732421875,333.7300109863281,329.3500061035156,333.6700134277344,4120200
2023-01-23,334.69000244140625,337.75,333.04998779296875,336.1700134277344,3985300
2023-01-24,334.9599914550781,337.7200012207031,333.70001220703125,337.1000061035156,3360900
2023-01-25,334.239990234375,337.6400146484375,332.54998779296875,337.32000732421875,4318600
2023-01-26,338.45001220703125,339.4599914550781,336.20001220703125,339.3599853515625,2930900
2023-01-27,339.3999938964844,341.5400085449219,338.1600036621094,339.6099853515625,2907400
2023-01-30,338.4599914550781,340.42999267578125,336.8500061035156,337.05999755859375,3032700
2023-01-31,337.6000061035156,340.8599853515625,336.510009765625,340.8299865722656,2593500
2023-02-01,339.1199951171875,343.2699890136719,335.5799865722656,340.8699951171875,6175400
2023-02-02,341.510009765625,341.510009765625,338.010009765625,340.42999267578125,5169400
2023-02-03,338.7699890136719,341.6700134277344,337.9599914550781,338.9800109863281,6504300
2023-02-06,337.6499938964844,339.55999755859375,336.69000244140625,338.4800109863281,2708400
2023-02-07,336.95001220703125,342.30999755859375,336.19000244140625,341.5199890136719,4969600
2023-02-08,340.3699951171875,341.4599914550781,338.8399963378906,339.4200134277344,2769500
2023-02-09,341.75,342.55999755859375,336.05999755859375,337.0799865722656,3094700
2023-02-10,336.739990234375,339.010009765625,335.95001220703125,338.7300109863281,2523900
2023-02-13,338.8800048828125,342.55999755859375,338.8800048828125,342.54998779296875,2653900
2023-02-14,341.5199890136719,343.5299987792969,338.4100036621094,341.1400146484375,3501100
2023-02-15,339.4599914550781,341.6700134277344,338.6300048828125,341.6600036621094,1967700
2023-02-16,338.5,340.8900146484375,337.30999755859375,337.3900146484375,3229600
2023-02-17,335.7200012207031,338.42999267578125,335.0799865722656,338.2900085449219,3034200
2023-02-21,334.7200012207031,335.94000244140625,331.1000061035156,331.25,3142900
2023-02-22,331.75,332.42999267578125,329.45001220703125,330.5199890136719,2896400
2023-02-23,331.8500061035156,332.75,327.9800109863281,331.6700134277344,5999600
2023-02-24,327.8299865722656,329.1400146484375,326.42999267578125,328.1199951171875,3764700
2023-02-27,330.7300109863281,331.9800109863281,328.20001220703125,329.05999755859375,2887300
2023-02-28,328.8699951171875,328.8699951171875,326.510009765625,326.57000732421875,3155300
2023-03-01,326.0400085449219,327.82000732421875,325.29998779296875,327.0,3317500
2023-03-02,327.57000732421875,331.20001220703125,326.79998779296875,330.44000244140625,3047500
2023-03-03,331.5199890136719,334.42999267578125,330.4200134277344,334.2099914550781,3033500
2023-03-06,334.6300048828125,336.1199951171875,334.17999267578125,334.67999267578125,2641700
2023-03-07,334.6700134277344,334.9200134277344,328.7200012207031,328.8699951171875,5009200
2023-03-08,328.9200134277344,329.5,326.6000061035156,328.489990234375,3169600
2023-03-09,329.7200012207031,330.44000244140625,322.3999938964844,323.0799865722656,4760900
2023-03-10,322.5400085449219,324.8699951171875,318.42999267578125,319.7300109863281,7741600
2023-03-13,316.760009765625,323.1700134277344,316.6600036621094,318.82000732421875,6831600
2023-03-14,322.2099914550781,323.7099914550781,318.7099914550781,322.19000244140625,4760500
2023-03-15,316.8999938964844,319.80999755859375,314.9700012207031,319.5400085449219,6518000
2023-03-16,317.6600036621094,323.57000732421875,316.42999267578125,323.25,6569900
2023-03-17,320.7200012207031,321.0899963378906,317.1600036621094,318.5,5314900
2023-03-20,319.3299865722656,322.75,319.3299865722656,322.29998779296875,4695000
2023-03-21,325.4200134277344,325.8399963378906,323.3399963378906,325.6199951171875,3527300
2023-03-22,325.6499938964844,327.55999755859375,320.05999755859375,320.17999267578125,4378700
2023-03-23,321.3299865722656,325.0199890136719,318.5,320.8399963378906,4772600
2023-03-24,319.45001220703125,322.4599914550781,317.9100036621094,322.32000732421875,4484900
2023-03-27,324.5899963378906,325.57000732421875,323.29998779296875,324.30999755859375,3550900
2023-03-28,323.989990234375,325.6499938964844,322.8399963378906,323.80999755859375,2536500
2023-03-29,326.5799865722656,327.1700134277344,325.2900085449219,327.0799865722656,2531700
2023-03-30,328.8800048828125,328.95001220703125,326.7200012207031,328.4800109863281,2487000
2023-03-31,329.5899963378906,332.80999755859375,329.510009765625,332.6199951171875,2837300
2023-04-03,333.5899963378906,336.25,333.510009765625,335.9100036621094,3450700
2023-04-04,335.9100036621094,336.260009765625,332.6300048828125,333.94000244140625,2449900
2023-04-05,334.0,335.45001220703125,333.760009765625,334.82000732421875,2566600
2023-04-06,334.3500061035156,335.30999755859375,333.2799987792969,334.8999938964844,2333300
2023-04-10,334.0,335.9599914550781,333.42999267578125,335.9599914550781,2834200
2023-04-11,336.30999755859375,337.8699951171875,336.010009765625,336.8999938964844,2343100
2023-04-12,338.6099853515625,339.010009765625,335.9599914550781,336.6099853515625,3363800
2023-04-13,337.07000732421875,340.5799865722656,336.07000732421875,340.3699951171875,3040900
2023-04-14,339.94000244140625,340.8500061035156,337.30999755859375,338.8399963378906,3107900
2023-04-17,339.1199951171875,339.92999267578125,337.989990234375,339.9200134277344,2226400
2023-04-18,339.94000244140625,340.2200012207031,337.8999938964844,339.79998779296875,2191100
2023-04-19,339.1099853515625,339.6300048828125,338.19000244140625,338.989990234375,2854700
2023-04-20,337.42999267578125,338.8500061035156,336.8500061035156,337.95001220703125,2179300
2023-04-21,338.260009765625,338.5799865722656,336.80999755859375,338.1099853515625,2470100
2023-04-24,337.9100036621094,338.9100036621094,337.2099914550781,338.75,2288800
2023-04-25,338.1700134277344,338.67999267578125,335.20001220703125,335.3299865722656,2745300
2023-04-26,335.6000061035156,336.4599914550781,332.30999755859375,332.95001220703125,3588400
2023-04-27,334.17999267578125,338.5799865722656,333.8299865722656,338.20001220703125,3066600
2023-04-28,337.19000244140625,341.0400085449219,337.1300048828125,341.0299987792969,3651100
2023-05-01,341.1000061035156,342.5899963378906,340.260009765625,340.3599853515625,2296200
2023-05-02,339.94000244140625,340.0,334.30999755859375,336.8699951171875,3275800
2023-05-03,337.1300048828125,338.17999267578125,333.92999267578125,334.1099853515625,3924100
2023-05-04,333.2799987792969,333.5899963378906,329.3699951171875,331.3299865722656,3576800
2023-05-05,334.260009765625,337.5,333.94000244140625,336.7300109863281,3542700
2023-05-08,337.1700134277344,337.3900146484375,335.0899963378906,336.2200012207031,1789900
2023-05-09,335.4100036621094,336.67999267578125,335.1499938964844,335.7699890136719,1924900
2023-05-10,337.3999938964844,337.8500061035156,332.489990234375,335.489990234375,3365500
2023-05-11,333.739990234375,333.8699951171875,331.4700012207031,333.3299865722656,2744700
2023-05-12,334.4200134277344,334.45001220703125,331.30999755859375,333.20001220703125,2636400
2023-05-15,333.510009765625,334.260009765625,331.8599853515625,333.7699890136719,2171000
2023-05-16,332.7099914550781,333.07000732421875,330.2799987792969,330.3500061035156,2265200
2023-05-17,332.1400146484375,335.1700134277344,330.8900146484375,334.6099853515625,3068800
2023-05-18,333.8999938964844,336.44000244140625,332.75,336.05999755859375,3553500
2023-05-19,335.9599914550781,336.45001220703125,333.2200012207031,334.19000244140625,3706700
2023-05-22,334.1199951171875,335.1499938964844,332.0199890136719,332.8999938964844,2555100
2023-05-23,331.760009765625,333.1000061035156,330.0799865722656,330.6099853515625,2526200
2023-05-24,330.0,330.239990234375,327.4800109863281,328.010009765625,2978300
2023-05-25,328.07000732421875,328.7300109863281,325.82000732421875,327.75,3499900
2023-05-26,328.1300048828125,331.6199951171875,327.9200134277344,330.8399963378906,3580000
2023-05-30,330.6499938964844,331.32000732421875,328.9200134277344,330.5199890136719,3474500
2023-05-31,329.45001220703125,330.1700134277344,327.70001220703125,329.5199890136719,3067600
2023-06-01,328.9100036621094,331.9800109863281,327.32000732421875,330.94000244140625,3081300
2023-06-02,333.239990234375,338.5,333.1099853515625,338.07000732421875,5584700
2023-06-05,338.2099914550781,338.4800109863281,335.9599914550781,336.1300048828125,3415600
2023-06-06,336.0299987792969,336.739990234375,334.4700012207031,336.1700134277344,2824900
2023-06-07,336.5400085449219,337.5199890136719,335.92999267578125,337.1700134277344,2739000
2023-06-08,337.2300109863281,339.260009765625,336.75,338.80999755859375,2700300
2023-06-09,338.57000732421875,340.260009765625,338.32000732421875,339.2699890136719,3162300
2023-06-12,339.739990234375,341.29998779296875,339.2300109863281,341.1700134277344,2035500
2023-06-13,341.739990234375,343.6300048828125,341.6000061035156,342.6199951171875,3259300
2023-06-14,341.3900146484375,342.0400085449219,338.3399963378906,340.4200134277344,3766000
2023-06-15,340.3500061035156,345.5799865722656,340.17999267578125,344.7699890136719,4722500
2023-06-16,345.3500061035156,345.7300109863281,342.7200012207031,342.95001220703125,5576800
2023-06-20,341.29998779296875,341.6099853515625,339.0,340.4599914550781,3387200
2023-06-21,339.6199951171875,340.9100036621094,338.67999267578125,339.42999267578125,3050700
2023-06-22,338.94000244140625,339.92999267578125,338.239990234375,339.3399963378906,2605500
2023-06-23,337.1199951171875,338.19000244140625,336.2200012207031,337.1600036621094,3721600
2023-06-26,336.79998779296875,338.0799865722656,335.95001220703125,337.1400146484375,2301900
2023-06-27,337.1000061035156,339.6499938964844,337.1000061035156,339.2300109863281,1778800
2023-06-28,338.7300109863281,338.94000244140625,337.42999267578125,338.6300048828125,2305000
2023-06-29,338.4100036621094,341.3900146484375,338.1099853515625,341.1600036621094,2902700
2023-06-30,343.2200012207031,344.5799865722656,342.760009765625,343.8500061035156,3027500
2023-07-03,343.0,344.5299987792969,342.7799987792969,344.07000732421875,1698400
2023-07-05,342.3800048828125,343.739990234375,342.25,342.80999755859375,2717000
2023-07-06,340.239990234375,340.8699951171875,337.70001220703125,339.2300109863281,3742400
2023-07-07,337.9700012207031,340.3999938964844,337.19000244140625,337.42999267578125,2852200
2023-07-10,337.3999938964844,339.6499938964844,337.1700134277344,339.5799865722656,2560200
2023-07-11,340.739990234375,342.9200134277344,339.95001220703125,342.6400146484375,2477100
2023-07-12,344.9100036621094,345.8999938964844,343.1499938964844,343.6300048828125,4140200
2023-07-13,344.3399963378906,344.8800048828125,343.70001220703125,343.9200134277344,2472300
2023-07-14,345.7099914550781,345.9200134277344,344.510009765625,345.1700134277344,3293400
2023-07-17,344.55999755859375,346.70001220703125,344.2200012207031,345.8500061035156,2860000
2023-07-18,345.6499938964844,349.9100036621094,345.25,349.5799865722656,4617200
2023-07-19,350.3999938964844,352.45001220703125,350.3999938964844,350.69000244140625,5864300
2023-07-20,351.45001220703125,353.8900146484375,351.3500061035156,352.42999267578125,4561300
2023-07-21,352.80999755859375,353.32000732421875,351.7099914550781,352.1400146484375,2971700
2023-07-24,352.7099914550781,354.57000732421875,352.5299987792969,354.07000732421875,3073700
2023-07-25,353.79998779296875,355.17999267578125,353.54998779296875,354.32000732421875,2548700
2023-07-26,353.1400146484375,356.2799987792969,353.1199951171875,355.25,3084700
2023-07-27,355.8599853515625,356.3599853515625,352.0400085449219,352.7699890136719,4771000
2023-07-28,354.510009765625,355.54998779296875,353.42999267578125,354.4800109863281,3219000
2023-07-31,354.57000732421875,355.6000061035156,354.19000244140625,355.57000732421875,2201400
2023-08-01,355.2699890136719,356.70001220703125,355.1400146484375,356.20001220703125,2581900
2023-08-02,354.4800109863281,355.20001220703125,352.1099853515625,352.739990234375,5061000
2023-08-03,351.6000061035156,353.3900146484375,351.1199951171875,351.989990234375,3307000
2023-08-04,353.1199951171875,354.9599914550781,350.20001220703125,350.6499938964844,4269400
2023-08-07,352.0400085449219,354.8699951171875,351.8800048828125,354.6199951171875,2390800
2023-08-08,352.4200134277344,353.3500061035156,349.9200134277344,353.0199890136719,3033600
2023-08-09,352.8699951171875,353.67999267578125,350.5400085449219,351.2799987792969,2873300
2023-08-10,353.1499938964844,355.9200134277344,351.19000244140625,351.8900146484375,4133500
2023-08-11,351.19000244140625,353.7200012207031,350.6099853515625,353.0,2602600
2023-08-14,352.7300109863281,353.5,351.7699890136719,353.2099914550781,3134100
2023-08-15,351.6700134277344,352.0199890136719,349.17999267578125,349.6099853515625,2818700
2023-08-16,349.29998779296875,351.5199890136719,347.7099914550781,347.7699890136719,3586800
2023-08-17,348.95001220703125,349.32000732421875,344.82000732421875,345.05999755859375,4804100
2023-08-18,342.95001220703125,345.9100036621094,342.67999267578125,345.1199951171875,3525400
2023-08-21,345.29998779296875,345.7200012207031,342.489990234375,344.6700134277344,3176500
2023-08-22,344.7900085449219,345.1400146484375,342.57000732421875,342.9599914550781,2816000
2023-08-23,343.5299987792969,345.3999938964844,343.25,344.8299865722656,2605400
2023-08-24,344.32000732421875,346.9700012207031,340.9700012207031,341.0299987792969,3840800
2023-08-25,342.4599914550781,344.54998779296875,340.3500061035156,343.5,3868500
2023-08-28,345.2099914550781,346.6700134277344,344.5,345.7099914550781,2382700
2023-08-29,345.55999755859375,348.75,345.3999938964844,348.6199951171875,3107700
2023-08-30,349.1000061035156,350.7300109863281,348.5199890136719,349.3999938964844,2792900
2023-08-31,350.9200134277344,351.2799987792969,347.739990234375,347.80999755859375,2901400
2023-09-01,349.92999267578125,350.3599853515625,347.75,348.9800109863281,2533200
2023-09-05,349.0799865722656,349.2799987792969,346.8999938964844,346.9800109863281,1906900
2023-09-06,346.45001220703125,346.510009765625,343.4599914550781,345.0,2748400
2023-09-07,344.4599914550781,346.239990234375,344.3500061035156,345.69000244140625,2378600
2023-09-08,345.7699890136719,347.0400085449219,345.4800109863281,346.510009765625,1665900
2023-09-11,348.0199890136719,348.5899963378906,346.510009765625,347.3699951171875,1722900
2023-09-12,346.6400146484375,349.29998779296875,346.3599853515625,347.2099914550781,1813800
2023-09-13,347.55999755859375,348.510009765625,345.82000732421875,346.54998779296875,2025200
2023-09-14,348.6600036621094,350.6300048828125,347.7300109863281,349.94000244140625,3489400
2023-09-15,348.260009765625,348.8500061035156,345.6000061035156,346.1400146484375,3581700
2023-09-18,346.2799987792969,347.1300048828125,345.30999755859375,346.1499938964844,2122800
2023-09-19,345.4700012207031,345.80999755859375,342.9800109863281,345.07000732421875,2740900
2023-09-20,346.0400085449219,347.6600036621094,344.20001220703125,344.32000732421875,3411400
2023-09-21,343.1700134277344,343.6499938964844,340.4700012207031,340.5799865722656,3483700
2023-09-22,340.69000244140625,341.42999267578125,339.32000732421875,339.5799865722656,3376400
2023-09-25,338.7300109863281,340.07000732421875,337.69000244140625,339.9800109863281,3104700
2023-09-26,337.8699951171875,338.739990234375,335.54998779296875,336.0400085449219,4657300
2023-09-27,336.8800048828125,337.1499938964844,332.92999267578125,335.42999267578125,4442200
2023-09-28,335.32000732421875,337.6700134277344,334.57000732421875,336.6199951171875,4053600
2023-09-29,338.7799987792969,338.8299865722656,333.9100036621094,334.95001220703125,3786500
2023-10-02,334.2900085449219,335.0199890136719,332.0799865722656,334.0899963378906,4192600
2023-10-03,332.8399963378906,333.8800048828125,329.0400085449219,329.9800109863281,4871100
2023-10-04,330.1300048828125,331.4599914550781,328.6099853515625,330.989990234375,4877100
2023-10-05,330.82000732421875,331.75,329.3900146484375,331.1700134277344,3172200
2023-10-06,330.3500061035156,335.6400146484375,328.4800109863281,334.1000061035156,4491300
2023-10-09,332.95001220703125,336.3800048828125,332.5899963378906,336.0899963378906,3756300
2023-10-10,337.20001220703125,339.010009765625,336.0299987792969,337.45001220703125,3769400
2023-10-11,338.19000244140625,338.8399963378906,336.1600036621094,338.0299987792969,2773900
2023-10-12,338.7699890136719,338.7699890136719,334.57000732421875,336.2699890136719,3315000
2023-10-13,337.4800109863281,339.6099853515625,335.5199890136719,336.67999267578125,5154600
2023-10-16,338.7699890136719,340.9100036621094,338.4100036621094,339.8900146484375,3969300
2023-10-17,338.3299865722656,341.5199890136719,338.2699890136719,339.989990234375,3777800
2023-10-18,339.739990234375,339.9700012207031,336.0,336.6300048828125,4141200
2023-10-19,336.69000244140625,338.6199951171875,333.760009765625,334.1199951171875,5201800
2023-10-20,333.3800048828125,334.2300109863281,331.1300048828125,331.19000244140625,3960800
2023-10-23,329.8999938964844,332.3299865722656,328.8800048828125,329.32000732421875,3898300
2023-10-24,331.0,332.70001220703125,329.8500061035156,331.44000244140625,3583900
2023-10-25,332.2200012207031,332.69000244140625,329.8299865722656,330.3500061035156,3836300
2023-10-26,330.1600036621094,331.0199890136719,327.3599853515625,327.82000732421875,4882600
2023-10-27,327.8399963378906,327.8800048828125,323.2099914550781,324.19000244140625,4757300
2023-10-30,326.3900146484375,330.0199890136719,326.3699951171875,329.2300109863281,4617200
2023-10-31,329.17999267578125,330.67999267578125,327.8399963378906,330.4800109863281,3645800
2023-11-01,330.9200134277344,333.3599853515625,330.1000061035156,332.67999267578125,4546200
2023-11-02,334.7799987792969,338.5199890136719,334.4100036621094,338.3900146484375,5356300
2023-11-03,340.1199951171875,341.6199951171875,339.3900146484375,340.6099853515625,4046900
2023-11-06,340.8599853515625,341.6400146484375,339.8900146484375,341.0400085449219,2766000
2023-11-07,340.7300109863281,342.07000732421875,340.29998779296875,341.5400085449219,2793700
2023-11-08,342.1000061035156,342.5899963378906,339.94000244140625,341.1199951171875,2787900
2023-11-09,342.010009765625,342.04998779296875,338.7699890136719,339.1099853515625,3940700
2023-11-10,340.80999755859375,343.29998779296875,339.2699890136719,343.010009765625,3268600
2023-11-13,342.3800048828125,344.29998779296875,342.2300109863281,343.57000732421875,2624500
2023-11-14,347.5199890136719,349.5199890136719,346.6700134277344,348.4200134277344,4815500
2023-11-15,349.2900085449219,350.7799987792969,348.9800109863281,350.2699890136719,3149400
2023-11-16,349.5799865722656,350.79998779296875,348.75,350.0199890136719,3848000
2023-11-17,349.7799987792969,350.2200012207031,348.7300109863281,349.42999267578125,2059200
2023-11-20,349.1000061035156,352.239990234375,349.07000732421875,351.5199890136719,2904300
2023-11-21,351.1099853515625,351.2099914550781,350.3599853515625,350.82000732421875,1849500
2023-11-22,351.8900146484375,353.1400146484375,351.5,352.55999755859375,3486200
2023-11-24,353.1600036621094,353.95001220703125,353.0400085449219,353.79998779296875,1245100
2023-11-27,353.6300048828125,354.1400146484375,352.7799987792969,353.32000732421875,2532400
2023-11-28,353.489990234375,355.1400146484375,353.0899963378906,354.1099853515625,2759600
2023-11-29,354.9700012207031,356.1300048828125,354.3699951171875,354.6499938964844,2736300
2023-11-30,356.7099914550781,360.17999267578125,356.45001220703125,360.0,4094300
2023-12-01,360.0199890136719,363.25,359.8599853515625,363.04998779296875,5852500
2023-12-04,361.1499938964844,362.95001220703125,361.0199890136719,362.6400146484375,4211000
2023-12-05,361.8599853515625,362.260009765625,360.70001220703125,361.9100036621094,5372700
2023-12-06,362.80999755859375,363.54998779296875,360.8299865722656,361.2200012207031,5583700
2023-12-07,361.9599914550781,362.3599853515625,360.92999267578125,361.8299865722656,3295600
2023-12-08,361.760009765625,363.67999267578125,361.3800048828125,363.1199951171875,2930400
2023-12-11,363.6000061035156,364.8699951171875,363.0,364.69000244140625,3673200
2023-12-12,365.4100036621094,366.67999267578125,364.42999267578125,366.4100036621094,3239600
2023-12-13,366.6000061035156,371.739990234375,366.0,371.739990234375,4304800
2023-12-14,372.7099914550781,373.6700134277344,371.260009765625,373.3299865722656,5507000
2023-12-15,371.739990234375,373.3900146484375,371.3299865722656,372.6300048828125,6948400
2023-12-18,373.2900085449219,373.8699951171875,372.760009765625,372.9800109863281,3403200
2023-12-19,373.239990234375,375.55999755859375,373.1199951171875,375.5,3749200
2023-12-20,374.6700134277344,376.3399963378906,370.6099853515625,370.79998779296875,4564700
2023-12-21,372.8900146484375,374.1300048828125,371.1600036621094,373.8800048828125,3837500
2023-12-22,373.6400146484375,375.30999755859375,372.5799865722656,373.79998779296875,3330700
2023-12-26,373.67999267578125,376.0899963378906,373.5799865722656,375.3500061035156,2217800
2023-12-27,375.1000061035156,376.7900085449219,374.75,376.55999755859375,3061200
2023-12-28,376.5199890136719,377.69000244140625,376.5199890136719,377.0299987792969,2620400
2023-12-29,376.95001220703125,377.4599914550781,375.2699890136719,376.8699951171875,3364400
2024-01-02,374.79998779296875,377.82000732421875,374.79998779296875,377.0899963378906,5776300
2024-01-03,375.57000732421875,376.1199951171875,373.8999938964844,374.2099914550781,6393600
2024-01-04,374.8399963378906,377.2200012207031,374.3999938964844,374.5400085449219,4251900
2024-01-05,374.42999267578125,376.25,373.2099914550781,374.6400146484375,5381700
2024-01-08,373.3999938964844,376.9700012207031,372.4700012207031,376.8399963378906,4604900
2024-01-09,374.79998779296875,375.6000061035156,373.75,375.17999267578125,3230900
2024-01-10,375.54998779296875,377.4700012207031,375.2900085449219,376.95001220703125,2718700
2024-01-11,377.7699890136719,378.1199951171875,374.25,377.1700134277344,4095700
2024-01-12,377.4800109863281,378.25,374.7300109863281,375.9100036621094,3816700
2024-01-16,374.9700012207031,375.5299987792969,372.0400085449219,373.6600036621094,4471600
2024-01-17,371.75,373.75,371.3399963378906,372.7200012207031,4361000
2024-01-18,372.2300109863281,375.3299865722656,371.3599853515625,374.80999755859375,3953400
2024-01-19,375.7799987792969,379.3699951171875,374.4599914550781,378.6000061035156,5218600
2024-01-22,379.69000244140625,381.0799865722656,379.0799865722656,380.07000732421875,5433400
2024-01-23,379.3599853515625,379.8500061035156,377.9800109863281,379.0400085449219,3110100
2024-01-24,380.2099914550781,380.6199951171875,377.94000244140625,378.0899963378906,3967200
2024-01-25,379.07000732421875,380.55999755859375,377.9200134277344,380.4800109863281,3539100
2024-01-26,379.9800109863281,382.1300048828125,379.95001220703125,381.0899963378906,3221000
2024-01-29,381.0,383.4100036621094,380.5400085449219,383.30999755859375,2730900
2024-01-30,382.82000732421875,384.95001220703125,382.489990234375,384.489990234375,2747900
2024-01-31,385.2099914550781,385.82000732421875,381.3399963378906,381.3699951171875,4476600
2024-02-01,381.3999938964844,385.1499938964844,380.9700012207031,385.1000061035156,3652500
2024-02-02,383.989990234375,387.7799987792969,383.239990234375,386.4200134277344,3344800
2024-02-05,385.989990234375,385.989990234375,382.1199951171875,383.5799865722656,3761600
2024-02-06,383.9200134277344,385.3699951171875,383.5,385.0799865722656,2507800
2024-02-07,386.3900146484375,387.45001220703125,385.6499938964844,386.6700134277344,2797600
2024-02-08,387.4700012207031,387.6600036621094,385.510009765625,387.3500061035156,2549800
2024-02-09,387.19000244140625,387.5,385.760009765625,386.7200012207031,3526300
2024-02-12,386.489990234375,389.4100036621094,386.44000244140625,388.1099853515625,2412200
2024-02-13,385.07000732421875,385.1600036621094,380.4599914550781,382.82000732421875,5325300
2024-02-14,384.0,384.54998779296875,382.07000732421875,384.2900085449219,3465200
2024-02-15,385.19000244140625,388.3299865722656,384.8800048828125,388.25,3497200
2024-02-16,387.1700134277344,388.25,385.70001220703125,386.19000244140625,3772300
2024-02-20,385.510009765625,386.57000732421875,384.5400085449219,385.69000244140625,3295700
2024-02-21,384.9599914550781,386.1700134277344,383.32000732421875,386.04998779296875,3027600
2024-02-22,388.3599853515625,391.4700012207031,387.9100036621094,390.5400085449219,4990700
2024-02-23,391.7699890136719,392.8399963378906,390.9200134277344,391.2799987792969,3451600
2024-02-26,391.45001220703125,392.4100036621094,390.239990234375,390.7099914550781,1914100
2024-02-27,390.3599853515625,390.45001220703125,388.75,389.6600036621094,2370900
2024-02-28,387.94000244140625,389.739990234375,387.6000061035156,389.6000061035156,3313900
2024-02-29,390.69000244140625,391.1099853515625,388.45001220703125,389.95001220703125,3026900
2024-03-01,389.8500061035156,391.6099853515625,388.8800048828125,391.30999755859375,3857500
2024-03-04,389.3500061035156,391.25,389.3500061035156,390.2300109863281,3048500
2024-03-05,388.989990234375,389.2900085449219,384.9200134277344,386.19000244140625,4132400
2024-03-06,388.489990234375,389.1300048828125,386.1300048828125,387.17999267578125,3039100
2024-03-07,389.07000732421875,389.7200012207031,387.8299865722656,388.45001220703125,2965700
2024-03-08,388.239990234375,390.4200134277344,387.7099914550781,387.989990234375,4256900
2024-03-11,386.9200134277344,388.6499938964844,385.5,388.4200134277344,3396000
2024-03-12,389.239990234375,391.44000244140625,387.8399963378906,390.7900085449219,3275800
2024-03-13,391.69000244140625,392.7900085449219,390.05999755859375,391.2200012207031,2788700
2024-03-14,392.1700134277344,392.4100036621094,387.8399963378906,390.07000732421875,4471900
2024-03-15,387.739990234375,389.260009765625,386.0400085449219,387.0,4372300
2024-03-18,388.3500061035156,388.8599853515625,387.4800109863281,387.7300109863281,2060600
2024-03-19,388.1600036621094,391.0899963378906,387.4700012207031,390.8999938964844,3303800
2024-03-20,390.1499938964844,395.2200012207031,389.8900146484375,394.989990234375,4823900
2024-03-21,396.30999755859375,398.82000732421875,395.80999755859375,397.75,4348400
2024-03-22,397.760009765625,398.05999755859375,394.489990234375,394.5299987792969,3156100
2024-03-25,393.9200134277344,394.1499938964844,392.82000732421875,392.95001220703125,2535600
2024-03-26,393.67999267578125,394.2699890136719,392.6300048828125,392.8500061035156,3395400
2024-03-27,395.0,397.5799865722656,394.4700012207031,397.55999755859375,4427300
2024-03-28,398.05999755859375,398.55999755859375,397.0400085449219,397.760009765625,3155000
2024-04-01,397.82000732421875,398.04998779296875,394.7300109863281,395.3299865722656,3825200
2024-04-02,391.9700012207031,392.1400146484375,390.2799987792969,391.6300048828125,4034900
2024-04-03,391.67999267578125,392.9200134277344,389.989990234375,391.260009765625,3547000
2024-04-04,394.0299987792969,394.239990234375,385.6000061035156,386.0199890136719,5041200
2024-04-05,386.3500061035156,390.45001220703125,386.0799865722656,388.8599853515625,4423500
2024-04-08,389.04998779296875,390.1400146484375,388.57000732421875,389.1000061035156,2431300
2024-04-09,389.6199951171875,389.9800109863281,385.7300109863281,388.8399963378906,4003900
2024-04-10,384.9200134277344,385.9700012207031,383.0299987792969,384.510009765625,5173100
2024-04-11,385.4700012207031,386.0799865722656,382.0,384.5400085449219,3972800
2024-04-12,382.30999755859375,382.92999267578125,378.80999755859375,379.8699951171875,5305100
2024-04-15,383.3299865722656,383.82000732421875,376.6000061035156,377.30999755859375,4870700
2024-04-16,379.739990234375,379.92999267578125,377.0400085449219,377.9800109863281,4383500
2024-04-17,379.2099914550781,380.19000244140625,376.1400146484375,377.45001220703125,4584900
2024-04-18,379.04998779296875,380.92999267578125,376.8500061035156,377.8399963378906,4579200
2024-04-19,378.69000244140625,381.0299987792969,377.9200134277344,379.79998779296875,5078600
2024-04-22,381.7300109863281,384.44000244140625,379.80999755859375,382.3699951171875,4129000
2024-04-23,383.69000244140625,385.5899963378906,382.9100036621094,385.0199890136719,3126400
2024-04-24,384.8699951171875,385.4700012207031,383.0199890136719,384.44000244140625,3575800
2024-04-25,379.7900085449219,381.54998779296875,377.4800109863281,380.9200134277344,4682800
2024-04-26,380.75,383.3399963378906,380.5299987792969,382.30999755859375,4252400
2024-04-29,383.1000061035156,384.0299987792969,382.07000732421875,383.79998779296875,3265900
2024-04-30,382.4599914550781,382.75,378.0799865722656,378.1300048828125,3463600
2024-05-01,378.3800048828125,383.4800109863281,377.9800109863281,378.8900146484375,5731600
2024-05-02,381.1499938964844,382.9100036621094,378.8999938964844,382.2300109863281,3535600
2024-05-03,387.1400146484375,387.989990234375,385.05999755859375,386.7699890136719,4471100
2024-05-06,388.32000732421875,388.739990234375,386.8299865722656,388.45001220703125,2596100
2024-05-07,389.1700134277344,389.75,388.3399963378906,388.739990234375,2428600
2024-05-08,388.3399963378906,390.9100036621094,388.19000244140625,390.4800109863281,2855100
2024-05-09,390.1099853515625,394.260009765625,390.010009765625,394.0,4141200
2024-05-10,395.25,395.8999938964844,394.1000061035156,395.17999267578125,3505600
2024-05-13,396.3800048828125,396.6099853515625,394.07000732421875,394.4599914550781,2635800
2024-05-14,394.5400085449219,396.25,393.80999755859375,395.5799865722656,2702700
2024-05-15,397.239990234375,399.5,396.94000244140625,399.2799987792969,3421200
2024-05-16,399.75,401.0,399.1300048828125,399.2099914550781,2877200
2024-05-17,399.1099853515625,400.0199890136719,398.44000244140625,399.95001220703125,2702900
2024-05-20,399.7699890136719,400.7200012207031,397.8399963378906,398.1000061035156,2094800
2024-05-21,398.32000732421875,399.05999755859375,397.7699890136719,398.7799987792969,1618300
2024-05-22,397.95001220703125,398.8500061035156,395.510009765625,396.6600036621094,2647200
2024-05-23,397.05999755859375,397.0899963378906,390.25,390.6600036621094,3361200
2024-05-24,391.2200012207031,392.25,390.1600036621094,390.6400146484375,2072200
2024-05-28,389.80999755859375,390.2200012207031,387.0199890136719,388.6000061035156,2176100
2024-05-29,385.30999755859375,385.7200012207031,384.239990234375,384.5799865722656,2715000
2024-05-30,381.3699951171875,382.3999938964844,380.4100036621094,381.4800109863281,4063400
2024-05-31,381.9800109863281,387.6099853515625,381.2699890136719,387.5299987792969,4748400
2024-06-03,387.8699951171875,387.8900146484375,382.92999267578125,386.239990234375,3614300
2024-06-04,385.0,388.3800048828125,384.5400085449219,387.510009765625,2822500
2024-06-05,388.6000061035156,388.9700012207031,385.9700012207031,388.5299987792969,2181400
2024-06-06,388.80999755859375,390.5899963378906,387.7900085449219,389.3299865722656,2241900
2024-06-07,388.8800048828125,391.6199951171875,387.8900146484375,388.489990234375,1952000
2024-06-10,388.0299987792969,389.3599853515625,387.19000244140625,389.2900085449219,1380600
2024-06-11,387.6600036621094,388.20001220703125,384.8999938964844,387.9700012207031,2522600
2024-06-12,391.5799865722656,391.9100036621094,386.69000244140625,387.69000244140625,3866700
2024-06-13,386.82000732421875,387.6700134277344,384.5899963378906,386.8800048828125,3136100
2024-06-14,384.6199951171875,386.5400085449219,383.6300048828125,386.4599914550781,2884300
2024-06-17,385.25,389.2099914550781,384.9800109863281,388.5799865722656,2025300
2024-06-18,388.9100036621094,390.19000244140625,388.0199890136719,389.1400146484375,1848700
2024-06-20,388.739990234375,393.1099853515625,388.3800048828125,392.07000732421875,3588000
2024-06-21,391.6700134277344,392.4700012207031,390.4599914550781,391.3399963378906,2592100
2024-06-24,392.4700012207031,395.5899963378906,391.8999938964844,393.9800109863281,3096600
2024-06-25,393.55999755859375,394.1099853515625,389.82000732421875,391.0199890136719,2879100
2024-06-26,390.0899963378906,391.7300109863281,389.010009765625,391.239990234375,1501900
2024-06-27,390.6099853515625,392.3900146484375,390.1600036621094,391.55999755859375,1601100
2024-06-28,391.3699951171875,394.32000732421875,389.20001220703125,391.1300048828125,3624400
2024-07-01,392.0799865722656,394.2900085449219,390.260009765625,391.4599914550781,2536500
2024-07-02,390.7900085449219,393.2900085449219,390.69000244140625,393.2900085449219,1711600
2024-07-03,393.7300109863281,394.05999755859375,392.1400146484375,392.8299865722656,2319100
2024-07-05,393.19000244140625,394.0,391.6499938964844,393.70001220703125,2011000
2024-07-08,394.4100036621094,396.7300109863281,392.7799987792969,393.4599914550781,3374500
2024-07-09,393.2200012207031,395.0400085449219,391.4700012207031,392.94000244140625,3821600
2024-07-10,392.94000244140625,397.4599914550781,392.6300048828125,397.260009765625,4234300
2024-07-11,397.5,398.8900146484375,396.30999755859375,397.6300048828125,4020700
2024-07-12,398.8599853515625,402.69000244140625,398.1199951171875,400.32000732421875,4711800
2024-07-15,402.4700012207031,403.5799865722656,401.3999938964844,402.3599853515625,4433500
2024-07-16,403.8599853515625,409.989990234375,403.8500061035156,409.6600036621094,6547600
2024-07-17,408.55999755859375,412.3399963378906,408.55999755859375,411.92999267578125,4490600
2024-07-18,410.67999267578125,413.8599853515625,406.04998779296875,406.7200012207031,4922200
2024-07-19,405.3699951171875,406.05999755859375,401.95001220703125,402.95001220703125,4284500
2024-07-22,404.0400085449219,404.7300109863281,402.2200012207031,404.1499938964844,2314000
2024-07-23,404.2900085449219,405.2900085449219,403.2200012207031,403.489990234375,1693500
2024-07-24,401.7300109863281,402.6300048828125,398.0799865722656,398.6700134277344,3701300
2024-07-25,398.6300048828125,404.3900146484375,398.3699951171875,399.489990234375,4179800
2024-07-26,401.80999755859375,407.6199951171875,401.7099914550781,405.9700012207031,2810600
2024-07-29,406.8599853515625,407.0,403.9599914550781,405.510009765625,2039000
2024-07-30,405.8699951171875,408.7200012207031,405.2799987792969,407.4100036621094,2576400
2024-07-31,407.4599914550781,412.010009765625,406.489990234375,408.489990234375,5634800
2024-08-01,409.70001220703125,410.92999267578125,400.9599914550781,403.2300109863281,5497900
2024-08-02,399.92999267578125,400.3800048828125,393.55999755859375,397.1300048828125,4844900
2024-08-05,386.5199890136719,390.29998779296875,384.92999267578125,386.80999755859375,8680200
2024-08-06,387.55999755859375,394.5199890136719,386.260009765625,389.9599914550781,4058000
2024-08-07,392.6300048828125,394.7900085449219,387.2799987792969,387.7699890136719,3969400
2024-08-08,389.510009765625,395.1400146484375,389.239990234375,394.5199890136719,2993500
2024-08-09,394.17999267578125,396.489990234375,392.4200134277344,395.1499938964844,3380200
2024-08-12,395.95001220703125,396.0400085449219,392.6099853515625,393.7699890136719,1902000
2024-08-13,395.07000732421875,398.1300048828125,394.07000732421875,397.7900085449219,3510800
2024-08-14,397.739990234375,400.8800048828125,397.510009765625,400.0899963378906,5230400
2024-08-15,404.739990234375,406.1400146484375,403.17999267578125,405.8800048828125,3764100
2024-08-16,405.0299987792969,407.3699951171875,404.6000061035156,406.739990234375,2789200
2024-08-19,407.3599853515625,409.32000732421875,407.260009765625,409.1099853515625,2012400
2024-08-20,408.6199951171875,409.3500061035156,407.7799987792969,408.55999755859375,1999600
2024-08-21,409.32000732421875,409.989990234375,407.5899963378906,408.989990234375,1439000
2024-08-22,409.70001220703125,410.5,406.0199890136719,407.4800109863281,2353500
2024-08-23,409.2900085449219,412.32000732421875,408.55999755859375,411.8299865722656,3818300
2024-08-26,412.6400146484375,414.5199890136719,411.6499938964844,412.7200012207031,3145000
2024-08-27,412.2900085449219,413.07000732421875,411.3599853515625,412.8900146484375,1710200
2024-08-28,412.6600036621094,413.92999267578125,408.7099914550781,411.3399963378906,2732600
2024-08-29,414.3699951171875,416.29998779296875,411.29998779296875,413.9100036621094,5024800
2024-08-30,414.510009765625,416.54998779296875,412.1199951171875,416.2099914550781,2283800
2024-09-03,414.19000244140625,415.17999267578125,408.6199951171875,410.25,3754700
2024-09-04,409.9700012207031,412.54998779296875,409.2300109863281,410.4200134277344,2131200
2024-09-05,411.3399963378906,411.6600036621094,405.9800109863281,408.4599914550781,2234700
2024-09-06,408.9599914550781,411.0,403.7799987792969,404.4700012207031,3351000
2024-09-09,407.3599853515625,410.8900146484375,406.1099853515625,409.04998779296875,3038200
2024-09-10,410.1000061035156,410.1300048828125,404.9700012207031,408.260009765625,1970500
2024-09-11,407.1499938964844,409.92999267578125,400.80999755859375,409.2699890136719,3134600
2024-09-12,409.70001220703125,412.0,407.4800109863281,411.9700012207031,3131600
2024-09-13,412.5899963378906,416.30999755859375,412.3500061035156,414.94000244140625,5210300
2024-09-16,416.45001220703125,418.54998779296875,415.6499938964844,417.3800048828125,3881100
2024-09-17,418.2900085449219,419.489990234375,415.80999755859375,417.260009765625,2561700
2024-09-18,417.5,421.0,415.54998779296875,416.19000244140625,3173600
2024-09-19,421.9800109863281,422.7799987792969,419.3800048828125,421.4100036621094,4073000
2024-09-20,419.3800048828125,421.29998779296875,418.5,420.57000732421875,2902200
2024-09-23,421.1199951171875,421.70001220703125,420.0,421.1099853515625,2318700
2024-09-24,421.6700134277344,422.6499938964844,420.3800048828125,422.1300048828125,2790700
2024-09-25,422.44000244140625,422.94000244140625,418.3800048828125,419.1199951171875,2048000
2024-09-26,421.239990234375,422.1199951171875,420.20001220703125,421.6199951171875,2703700
2024-09-27,422.5899963378906,426.20001220703125,422.239990234375,422.95001220703125,3667700
2024-09-30,422.4200134277344,423.29998779296875,419.0799865722656,423.1199951171875,3819800
2024-10-01,422.4200134277344,423.1499938964844,419.2900085449219,421.5,5101300
2024-10-02,421.8299865722656,422.5,419.5799865722656,421.9100036621094,2599600
2024-10-03,420.3399963378906,421.1199951171875,418.2799987792969,419.9800109863281,2534400
2024-10-04,422.3699951171875,423.6099853515625,419.6600036621094,423.4100036621094,2520900
2024-10-07,422.1099853515625,422.92999267578125,418.260009765625,419.6099853515625,2632600
2024-10-08,420.510009765625,421.2799987792969,418.7099914550781,420.79998779296875,1872900
2024-10-09,420.8900146484375,425.6600036621094,420.0299987792969,425.04998779296875,3935100
2024-10-10,425.0,425.07000732421875,423.0400085449219,424.6600036621094,2179000
2024-10-11,425.2799987792969,429.07000732421875,425.010009765625,428.7300109863281,3753500
2024-10-14,428.32000732421875,431.4200134277344,427.19000244140625,430.8900146484375,2180600
2024-10-15,429.3299865722656,430.1300048828125,427.0299987792969,427.5400085449219,3291200
2024-10-16,427.17999267578125,431.0799865722656,426.9200134277344,430.7200012207031,2583700
2024-10-17,432.5400085449219,432.8900146484375,431.20001220703125,432.45001220703125,3462800
2024-10-18,432.260009765625,433.20001220703125,430.3299865722656,432.6400146484375,2303700
2024-10-21,432.42999267578125,433.0400085449219,428.760009765625,429.3699951171875,2702600
2024-10-22,427.6400146484375,430.4200134277344,427.1600036621094,429.30999755859375,2306100
2024-10-23,427.0299987792969,427.760009765625,422.9200134277344,425.1600036621094,4006500
2024-10-24,424.32000732421875,424.6700134277344,421.94000244140625,423.7799987792969,1936600
2024-10-25,425.45001220703125,426.0,420.4700012207031,421.1400146484375,2518800
2024-10-28,423.54998779296875,424.82000732421875,423.2699890136719,424.07000732421875,2912000
2024-10-29,422.2300109863281,424.9700012207031,421.760009765625,422.5,2697700
2024-10-30,422.0199890136719,424.6499938964844,421.45001220703125,421.75,2933600
2024-10-31,419.2300109863281,419.92999267578125,417.0199890136719,417.6700134277344,4297100
2024-11-01,419.6700134277344,423.29998779296875,419.30999755859375,420.4200134277344,3856400
2024-11-04,419.8399963378906,420.29998779296875,416.44000244140625,418.04998779296875,3125400
2024-11-05,418.2699890136719,422.6199951171875,417.7099914550781,422.29998779296875,3093100
2024-11-06,434.6600036621094,437.7900085449219,433.7099914550781,437.2300109863281,7271800
2024-11-07,437.5299987792969,438.25,436.42999267578125,437.3900146484375,4267900
2024-11-08,438.29998779296875,441.70001220703125,437.3999938964844,440.1099853515625,5014300
2024-11-11,441.8800048828125,444.8699951171875,441.82000732421875,443.010009765625,4065100
2024-11-12,443.5799865722656,444.2200012207031,439.04998779296875,439.3900146484375,3483000
2024-11-13,439.9100036621094,441.54998779296875,438.44000244140625,439.80999755859375,2631000
2024-11-14,440.5899963378906,440.94000244140625,437.1000061035156,437.70001220703125,2528300
2024-11-15,435.8399963378906,436.510009765625,433.5199890136719,434.510009765625,3486900
2024-11-18,434.1700134277344,435.3299865722656,433.19000244140625,434.19000244140625,2243000
2024-11-19,430.7300109863281,434.1199951171875,429.6400146484375,432.8399963378906,3202500
2024-11-20,433.54998779296875,434.9100036621094,430.9200134277344,434.2900085449219,3956000
2024-11-21,435.8599853515625,440.5400085449219,433.6300048828125,438.9700012207031,7558000
2024-11-22,439.5899963378906,443.57000732421875,439.32000732421875,443.1600036621094,5492800
2024-11-25,446.6099853515625,448.3999938964844,445.3999938964844,447.55999755859375,2976100
2024-11-26,446.55999755859375,449.3299865722656,444.6600036621094,448.8800048828125,4126500
2024-11-27,449.17999267578125,450.6400146484375,447.3699951171875,447.739990234375,2985900
2024-11-29,448.29998779296875,451.2799987792969,448.239990234375,450.0899963378906,3474100
2024-12-02,450.6099853515625,451.0,447.92999267578125,448.739990234375,2661200
2024-12-03,449.1499938964844,449.6000061035156,446.6099853515625,447.8900146484375,1697400
2024-12-04,449.8500061035156,451.54998779296875,448.7799987792969,450.94000244140625,3694400
2024-12-05,450.4800109863281,451.4800109863281,448.3500061035156,448.6700134277344,1917600
2024-12-06,449.489990234375,449.9599914550781,446.7799987792969,447.1499938964844,1973900
2024-12-09,447.6499938964844,448.2799987792969,444.79998779296875,445.0799865722656,1998600
2024-12-10,444.510009765625,445.79998779296875,442.95001220703125,443.69000244140625,2461000
2024-12-11,444.1099853515625,444.739990234375,442.3800048828125,442.510009765625,2084300
2024-12-12,442.489990234375,443.1199951171875,440.04998779296875,440.2699890136719,3585300
2024-12-13,440.8599853515625,441.5299987792969,438.9200134277344,439.3699951171875,2548400
2024-12-16,439.6499938964844,440.6700134277344,437.95001220703125,438.3699951171875,1987500
2024-12-17,436.17999267578125,436.8299865722656,434.42999267578125,435.57000732421875,3130300
2024-12-18,435.9800109863281,438.0400085449219,423.9800109863281,424.2200012207031,6135700
2024-12-19,427.510009765625,428.9700012207031,424.45001220703125,424.5299987792969,4948000
2024-12-20,422.05999755859375,432.0799865722656,421.7200012207031,428.5400085449219,6069600
2024-12-23,427.29998779296875,429.44000244140625,424.9800109863281,428.8900146484375,2602700
2024-12-24,428.8900146484375,432.6300048828125,428.2799987792969,432.5,1431700
2024-12-26,430.9700012207031,433.6700134277344,430.9200134277344,433.2099914550781,1867400
2024-12-27,430.5799865722656,432.2900085449219,427.42999267578125,430.0,2429100
2024-12-30,425.4700012207031,427.6600036621094,422.5199890136719,425.7699890136719,3858300
2024-12-31,426.9100036621094,427.739990234375,424.0400085449219,425.5,2442700
2025-01-02,428.3399963378906,428.9599914550781,421.5899963378906,423.79998779296875,4231500
2025-01-03,425.8500061035156,427.7699890136719,424.20001220703125,427.1600036621094,2203200
2025-01-06,428.8599853515625,431.1199951171875,426.0799865722656,427.1300048828125,3463300
2025-01-07,428.8999938964844,429.32000732421875,423.8599853515625,425.3299865722656,2053900
2025-01-08,425.4100036621094,426.55999755859375,423.260009765625,426.1300048828125,2020200
2025-01-10,424.2799987792969,424.3299865722656,418.79998779296875,419.3299865722656,3415500
2025-01-13,418.760009765625,423.239990234375,418.510009765625,422.9599914550781,2608100
2025-01-14,424.8800048828125,425.510009765625,421.54998779296875,425.1499938964844,2643300
2025-01-15,431.55999755859375,433.2799987792969,430.5,432.239990234375,4059800
2025-01-16,432.0899963378906,432.9100036621094,430.760009765625,431.55999755859375,2532500
2025-01-17,434.5400085449219,436.3900146484375,433.9700012207031,434.7200012207031,2771000
2025-01-21,436.3500061035156,440.42999267578125,436.30999755859375,440.1000061035156,2113800
2025-01-22,441.489990234375,442.0,440.3500061035156,441.2799987792969,3724100
2025-01-23,441.5199890136719,445.45001220703125,441.5199890136719,445.3800048828125,2352500
2025-01-24,444.79998779296875,445.4800109863281,443.3399963378906,444.1199951171875,2022000
2025-01-27,440.6400146484375,447.30999755859375,440.5400085449219,447.1199951171875,3822400
2025-01-28,447.20001220703125,449.739990234375,446.17999267578125,448.4100036621094,2233500
2025-01-29,448.2099914550781,449.6099853515625,445.7699890136719,447.17999267578125,2225100
2025-01-30,446.5400085449219,450.1099853515625,446.3500061035156,448.82000732421875,2322600
2025-01-31,450.0299987792969,450.3599853515625,445.0400085449219,445.3900146484375,3085400
2025-02-03,439.6099853515625,445.8999938964844,438.70001220703125,444.2699890136719,4527700
2025-02-04,444.2300109863281,446.0,443.2699890136719,445.5299987792969,1890500
2025-02-05,445.7200012207031,448.8500061035156,443.4100036621094,448.6700134277344,2273400
2025-02-06,449.3500061035156,449.7300109863281,445.3900146484375,447.3599853515625,1867200
2025-02-07,447.7799987792969,448.489990234375,442.79998779296875,443.1199951171875,2259200
2025-02-10,445.82000732421875,446.2699890136719,443.1000061035156,444.7799987792969,1858100
2025-02-11,443.3399963378906,446.5400085449219,443.2300109863281,446.1099853515625,1436200
2025-02-12,442.3399963378906,444.7900085449219,441.07000732421875,443.6300048828125,2444500
2025-02-13,445.3299865722656,447.8500061035156,443.70001220703125,447.260009765625,2961500
2025-02-14,447.1000061035156,448.0400085449219,445.3500061035156,445.7900085449219,2005400
2025-02-18,445.2799987792969,446.0,443.6300048828125,445.9200134277344,2451200
2025-02-19,444.7799987792969,446.79998779296875,443.54998779296875,446.6700134277344,2239400
2025-02-20,445.2699890136719,445.55999755859375,439.9700012207031,442.3900146484375,2960000
2025-02-21,439.1000061035156,439.3900146484375,433.3500061035156,434.1499938964844,3842200
2025-02-24,435.8299865722656,436.8999938964844,433.3500061035156,434.5299987792969,3629300
2025-02-25,435.5400085449219,437.5400085449219,432.6499938964844,436.1300048828125,2953100
2025-02-26,436.44000244140625,438.5199890136719,433.0,434.3399963378906,2427800
2025-02-27,434.44000244140625,438.75,432.1000061035156,432.3500061035156,3296900
2025-02-28,433.05999755859375,438.82000732421875,431.0199890136719,438.3699951171875,3249900
2025-03-03,439.5400085449219,440.69000244140625,429.4800109863281,432.0899963378906,3925200
2025-03-04,429.67999267578125,431.0899963378906,423.8500061035156,425.57000732421875,3586900
2025-03-05,425.2099914550781,431.6000061035156,424.45001220703125,430.4700012207031,3018300
2025-03-06,426.1700134277344,430.1199951171875,424.0400085449219,425.8999938964844,2824100
2025-03-07,424.1000061035156,429.32000732421875,421.9800109863281,428.260009765625,3719500
2025-03-10,423.3900146484375,426.04998779296875,416.6199951171875,419.489990234375,3442800
2025-03-11,418.4700012207031,419.0299987792969,412.25,414.739990234375,3893400
2025-03-12,416.9599914550781,417.57000732421875,410.55999755859375,413.95001220703125,2960500
2025-03-13,413.3500061035156,414.19000244140625,407.25,408.7799987792969,2557200
2025-03-14,410.8299865722656,415.9100036621094,409.9100036621094,415.3599853515625,2422700
2025-03-17,414.94000244140625,420.7799987792969,414.8399963378906,419.2099914550781,2141000
2025-03-18,418.4200134277344,418.6700134277344,414.8800048828125,416.5299987792969,1844100
2025-03-19,417.6099853515625,422.489990234375,416.79998779296875,420.4200134277344,1813800
2025-03-20,417.9200134277344,423.1400146484375,417.6400146484375,420.1199951171875,1646500
2025-03-21,416.04998779296875,420.010009765625,414.19000244140625,419.6199951171875,2485700
2025-03-24,423.3500061035156,426.2300109863281,422.7900085449219,425.489990234375,2474900
2025-03-25,426.32000732421875,426.8399963378906,424.3599853515625,425.82000732421875,3997600
2025-03-26,426.3299865722656,428.1400146484375,423.1400146484375,424.2300109863281,2442100
2025-03-27,423.67999267578125,425.0899963378906,421.4599914550781,422.94000244140625,1646000
2025-03-28,421.9800109863281,422.3800048828125,415.20001220703125,415.6199951171875,2600600
2025-03-31,412.20001220703125,421.3599853515625,411.44000244140625,419.8800048828125,2985300
2025-04-01,418.4100036621094,421.2799987792969,415.0,419.5899963378906,2384800
2025-04-02,416.3699951171875,423.6499938964844,416.17999267578125,422.0299987792969,2299800
2025-04-03,410.9200134277344,411.6099853515625,405.0,405.2200012207031,7440100
2025-04-04,394.92999267578125,396.6499938964844,382.67999267578125,383.2200012207031,8667200
2025-04-07,371.3800048828125,392.2099914550781,366.32000732421875,379.57000732421875,12718200
2025-04-08,393.4800109863281,394.3599853515625,371.0299987792969,376.4800109863281,7283000
2025-04-09,372.0400085449219,407.7900085449219,372.0400085449219,406.0799865722656,9861100
2025-04-10,399.6000061035156,400.19000244140625,384.30999755859375,395.67999267578125,6624200
2025-04-11,394.44000244140625,404.0899963378906,392.69000244140625,401.9100036621094,3789900
2025-04-14,407.4800109863281,407.8599853515625,401.7099914550781,405.4200134277344,2286200
2025-04-15,405.7900085449219,408.0199890136719,403.5299987792969,403.7099914550781,2387300
2025-04-16,402.30999755859375,404.2900085449219,394.0400085449219,396.7699890136719,3004400
2025-04-17,391.4800109863281,394.4200134277344,389.510009765625,391.3599853515625,4537500
2025-04-21,388.4599914550781,388.70001220703125,378.3500061035156,381.6199951171875,2881800
2025-04-22,386.07000732421875,392.6600036621094,385.20001220703125,391.8699951171875,3308100
2025-04-23,399.2900085449219,403.75,394.8999938964844,395.9100036621094,4049200
2025-04-24,395.510009765625,401.67999267578125,393.79998779296875,400.9800109863281,4010500
2025-04-25,399.8800048828125,401.3699951171875,397.1400146484375,401.0199890136719,1790800
2025-04-28,401.79998779296875,404.1700134277344,398.7200012207031,402.2699890136719,1534700
2025-04-29,402.3999938964844,406.32000732421875,402.20001220703125,405.2099914550781,1888100
2025-04-30,402.42999267578125,407.7799987792969,397.4100036621094,406.3399963378906,2487400
2025-05-01,408.54998779296875,410.92999267578125,407.0199890136719,407.4200134277344,1917600
2025-05-02,411.7799987792969,413.8699951171875,410.3299865722656,413.0400085449219,2277700
2025-05-05,410.82000732421875,414.44000244140625,410.4599914550781,412.260009765625,3866000
2025-05-06,408.4700012207031,411.739990234375,407.510009765625,408.239990234375,1745600
2025-05-07,409.8599853515625,412.79998779296875,408.1499938964844,411.04998779296875,2420600
2025-05-08,413.1000061035156,417.75,411.57000732421875,413.8800048828125,2001000
2025-05-09,414.44000244140625,415.1700134277344,411.57000732421875,412.4200134277344,1789200
2025-05-12,422.9599914550781,424.29998779296875,421.0899963378906,424.2300109863281,2398600
2025-05-13,422.67999267578125,423.989990234375,421.4200134277344,421.510009765625,3018000
2025-05-14,422.0799865722656,422.6600036621094,419.6099853515625,420.54998779296875,3064800
2025-05-15,418.5400085449219,423.67999267578125,418.489990234375,423.4800109863281,3927000
2025-05-16,423.739990234375,426.7799987792969,422.5,426.54998779296875,2430300
2025-05-19,423.70001220703125,428.6600036621094,423.6300048828125,428.0400085449219,3121500
2025-05-20,427.3999938964844,428.20001220703125,425.0299987792969,426.9700012207031,1971000
2025-05-21,423.0899963378906,424.57000732421875,418.0899963378906,418.75,3624800
2025-05-22,417.8699951171875,421.1499938964844,417.3699951171875,418.82000732421875,2638600
2025-05-23,413.94000244140625,418.1700134277344,413.8299865722656,416.3299865722656,3117800
2025-05-27,420.70001220703125,423.8599853515625,419.19000244140625,423.8500061035156,3126600
2025-05-28,423.7300109863281,424.8299865722656,420.739990234375,421.4200134277344,1790900
2025-05-29,422.4599914550781,423.0199890136719,418.5799865722656,422.4599914550781,2751400
2025-05-30,422.1600036621094,424.2699890136719,419.510009765625,422.8500061035156,2957500
2025-06-02,421.30999755859375,423.8500061035156,419.0799865722656,423.7099914550781,2636100
2025-06-03,423.07000732421875,426.3699951171875,422.4700012207031,426.010009765625,2332600
2025-06-04,426.3800048828125,427.1600036621094,424.8599853515625,424.94000244140625,2163300
2025-06-05,425.95001220703125,426.82000732421875,422.8599853515625,423.9700012207031,3018800
2025-06-06,427.7799987792969,430.0899963378906,426.54998779296875,428.3800048828125,3081100
2025-06-09,428.5199890136719,429.7200012207031,426.42999267578125,428.3599853515625,2680200
2025-06-10,428.2699890136719,430.1000061035156,427.8699951171875,429.6099853515625,2022600
2025-06-11,429.8599853515625,432.05999755859375,428.1700134277344,429.6000061035156,3025000
2025-06-12,428.20001220703125,430.54998779296875,426.9700012207031,430.489990234375,2587700
2025-06-13,426.1099853515625,426.9200134277344,421.6000061035156,422.80999755859375,4826100
2025-06-16,425.04998779296875,428.20001220703125,424.8800048828125,426.2799987792969,3177100
2025-06-17,424.4599914550781,426.4200134277344,422.3599853515625,423.1099853515625,2450200
2025-06-18,423.6700134277344,426.2099914550781,422.2300109863281,422.8399963378906,2786700
2025-06-20,423.3699951171875,424.1499938964844,420.7200012207031,421.760009765625,3810500
2025-06-23,422.0,425.9599914550781,419.6199951171875,425.7200012207031,4315000
2025-06-24,428.5299987792969,431.7300109863281,427.67999267578125,430.7900085449219,4958200
2025-06-25,430.75,430.9100036621094,428.510009765625,429.8599853515625,3265500
2025-06-26,430.82000732421875,434.19000244140625,430.79998779296875,433.92999267578125,2444800
2025-06-27,435.1499938964844,439.55999755859375,435.1000061035156,438.0,3621000
2025-06-30,440.45001220703125,441.260009765625,438.6600036621094,440.6499938964844,2827800
2025-07-01,440.19000244140625,445.9700012207031,440.0,444.8900146484375,4520300
2025-07-02,444.67999267578125,445.3999938964844,443.3699951171875,444.7099914550781,3141700
2025-07-03,445.6700134277344,448.8599853515625,445.57000732421875,448.0899963378906,2807100
2025-07-07,447.3800048828125,447.8399963378906,441.55999755859375,444.0,3657500
2025-07-08,443.69000244140625,444.3800048828125,442.04998779296875,442.3800048828125,3563200
2025-07-09,444.3900146484375,445.6000061035156,442.2799987792969,444.5199890136719,3251900
2025-07-10,444.3800048828125,447.80999755859375,443.70001220703125,446.5,2262600
2025-07-11,443.6700134277344,444.4599914550781,442.760009765625,443.57000732421875,3345500
2025-07-14,443.1099853515625,444.760009765625,442.4800109863281,444.5799865722656,2244700
2025-07-15,444.5799865722656,445.1700134277344,440.1400146484375,440.1499938964844,3810700
2025-07-16,441.8599853515625,442.6099853515625,437.6400146484375,442.3599853515625,4230300
2025-07-17,442.04998779296875,445.6099853515625,441.9800109863281,445.2200012207031,3790800
2025-07-18,445.7300109863281,445.7799987792969,442.1199951171875,443.260009765625,3901900
2025-07-21,444.20001220703125,446.010009765625,443.1400146484375,443.44000244140625,2548800
2025-07-22,442.8599853515625,445.45001220703125,442.8399963378906,444.9599914550781,3091600
2025-07-23,447.25,450.25,446.3500061035156,450.2099914550781,5486500
2025-07-24,447.010009765625,449.1300048828125,446.75,447.1099853515625,5078300
2025-07-25,447.5299987792969,449.4100036621094,446.4100036621094,449.0199890136719,3710600
2025-07-28,448.6600036621094,449.4800109863281,447.3800048828125,448.3399963378906,2864200
2025-07-29,448.6300048828125,448.8500061035156,445.6499938964844,446.4800109863281,3146200
2025-07-30,446.7099914550781,447.3800048828125,442.6099853515625,444.760009765625,3765000
2025-07-31,445.2699890136719,446.20001220703125,440.5,441.3299865722656,4223300
2025-08-01,437.75,437.760009765625,433.3999938964844,435.7200012207031,5980000
2025-08-04,437.8800048828125,441.8999938964844,437.5899963378906,441.80999755859375,5065800
2025-08-05,441.79998779296875,443.0,439.2099914550781,441.1400146484375,4081600
2025-08-06,442.1099853515625,442.95001220703125,440.1300048828125,441.9700012207031,2975300
2025-08-07,444.2699890136719,445.010009765625,437.9800109863281,439.7200012207031,5205100
2025-08-08,440.80999755859375,442.8800048828125,440.30999755859375,441.9200134277344,3684500
2025-08-11,442.3299865722656,442.8699951171875,439.2300109863281,440.010009765625,3538100
2025-08-12,441.69000244140625,445.1499938964844,441.1400146484375,444.67999267578125,5012600
2025-08-13,446.44000244140625,449.6499938964844,446.04998779296875,449.4200134277344,6203200
2025-08-14,447.739990234375,449.6400146484375,446.9800109863281,449.1600036621094,4553200
2025-08-15,451.8999938964844,452.04998779296875,448.9700012207031,449.5299987792969,5584400
2025-08-18,449.3500061035156,449.9700012207031,448.6300048828125,449.04998779296875,3809100
2025-08-19,449.8500061035156,452.1499938964844,448.2099914550781,449.2900085449219,5794900
2025-08-20,449.7900085449219,450.5199890136719,447.6700134277344,449.3599853515625,4731400
2025-08-21,447.7200012207031,449.07000732421875,445.8800048828125,447.95001220703125,3780700
2025-08-22,450.4200134277344,457.8699951171875,450.2900085449219,456.6400146484375,8534700
2025-08-25,455.6400146484375,456.19000244140625,453.0299987792969,453.07000732421875,3898200
2025-08-26,452.7900085449219,454.75,452.5400085449219,454.489990234375,3190500
2025-08-27,454.2799987792969,456.6400146484375,454.2099914550781,456.0299987792969,2943900
2025-08-28,456.5299987792969,457.20001220703125,454.7900085449219,456.7900085449219,3576500
2025-08-29,456.1199951171875,456.8399963378906,454.2799987792969,456.0899963378906,3605900
2025-09-02,451.989990234375,453.70001220703125,450.1600036621094,453.6099853515625,6009200
2025-09-03,452.8800048828125,453.739990234375,450.5299987792969,453.260009765625,3948200
2025-09-04,453.54998779296875,457.260009765625,452.55999755859375,457.04998779296875,4524200
2025-09-05,457.1199951171875,458.6700134277344,452.9800109863281,454.989990234375,5828200
2025-09-08,455.3800048828125,456.2900085449219,453.6300048828125,456.20001220703125,4395200
2025-09-09,455.9599914550781,458.54998779296875,455.2200012207031,458.010009765625,5979400
2025-09-10,457.7099914550781,457.8999938964844,454.7099914550781,455.92999267578125,5412200
2025-09-11,456.8500061035156,462.32000732421875,456.6000061035156,461.9200134277344,6352100
2025-09-12,461.25,461.69000244140625,459.07000732421875,459.32000732421875,3784600
2025-09-15,460.010009765625,460.9100036621094,458.8299865722656,460.07000732421875,4862200
2025-09-16,460.1099853515625,460.79998779296875,457.7799987792969,458.7799987792969,4526100
2025-09-17,459.7900085449219,463.8500061035156,457.9599914550781,461.260009765625,5998000
2025-09-18,461.2900085449219,464.3699951171875,460.6600036621094,462.6300048828125,6681000
2025-09-19,462.7200012207031,463.7799987792969,460.8699951171875,462.94000244140625,5871400
2025-09-22,461.1600036621094,464.2900085449219,460.1600036621094,463.6700134277344,4074900
2025-09-23,464.2200012207031,467.0,462.0299987792969,462.8699951171875,5904600
2025-09-24,463.45001220703125,464.4200134277344,460.79998779296875,461.0199890136719,4588800
2025-09-25,459.8999938964844,461.0799865722656,457.7099914550781,459.42999267578125,4767200
2025-09-26,461.2699890136719,463.4100036621094,460.32000732421875,462.2799987792969,4167200
2025-09-29,463.760009765625,463.7799987792969,461.30999755859375,463.0400085449219,3752700
2025-09-30,462.6199951171875,464.0899963378906,460.8399963378906,463.739990234375,4253300
2025-10-01,462.57000732421875,465.1400146484375,462.54998779296875,464.260009765625,4551600
2025-10-02,464.30999755859375,465.7699890136719,462.6199951171875,465.1099853515625,5458300
2025-10-03,465.7900085449219,470.3800048828125,465.67999267578125,467.510009765625,9693900
2025-10-06,468.32000732421875,468.4700012207031,464.2300109863281,466.8399963378906,7405400
2025-10-07,467.54998779296875,468.6099853515625,464.3900146484375,465.9700012207031,7368700
2025-10-08,467.32000732421875,468.1300048828125,464.92999267578125,466.07000732421875,4621200
2025-10-09,466.1700134277344,466.7799987792969,462.6099853515625,463.5,5411000
2025-10-10,465.1199951171875,466.5,454.7200012207031,454.8699951171875,9309100
2025-10-13,458.2300109863281,461.55999755859375,458.05999755859375,460.67999267578125,6272500
2025-10-14,457.0299987792969,465.2200012207031,454.55999755859375,462.7099914550781,7827400
2025-10-15,464.6700134277344,466.94000244140625,460.25,462.7099914550781,6187100
2025-10-16,463.3699951171875,464.2699890136719,457.8399963378906,459.55999755859375,8149500
2025-10-17,459.29998779296875,463.1099853515625,458.9200134277344,461.7799987792969,8439900
2025-10-20,463.45001220703125,467.5299987792969,463.42999267578125,467.0199890136719,4556600
2025-10-21,467.07000732421875,471.25,466.9100036621094,469.2200012207031,5951600
2025-10-22,469.2099914550781,469.239990234375,464.4800109863281,465.7799987792969,7604700
2025-10-23,465.54998779296875,467.9700012207031,464.8599853515625,467.2900085449219,5144200
2025-10-24,470.0199890136719,473.239990234375,469.2799987792969,472.2099914550781,7228900
2025-10-27,474.760009765625,475.6199951171875,473.7099914550781,475.3500061035156,4720200
2025-10-28,478.79998779296875,479.4100036621094,476.82000732421875,477.1499938964844,9435500
2025-10-29,478.6499938964844,480.3900146484375,474.489990234375,476.3699951171875,10006500
2025-10-30,474.1000061035156,480.1499938964844,473.9100036621094,475.010009765625,9338300
2025-10-31,475.8599853515625,477.1600036621094,473.4200134277344,475.6700134277344,7990900
2025-11-03,476.1600036621094,476.29998779296875,471.29998779296875,473.4700012207031,4858700
2025-11-04,470.4200134277344,472.7099914550781,468.79998779296875,470.8999938964844,6013300
2025-11-05,470.79998779296875,474.55999755859375,470.3999938964844,473.1099853515625,7030200
2025-11-06,472.0899963378906,473.44000244140625,467.8500061035156,469.2799987792969,7125200
2025-11-07,468.2799987792969,469.95001220703125,464.8599853515625,469.8599853515625,8604400
2025-11-10,471.8999938964844,474.20001220703125,469.45001220703125,473.82000732421875,5636600
2025-11-11,474.260009765625,479.8599853515625,474.0,479.4100036621094,4839100
2025-11-12,480.489990234375,484.3999938964844,480.489990234375,482.760009765625,7066900
2025-11-13,481.3999938964844,482.4100036621094,474.2200012207031,474.739990234375,8722300
2025-11-14,471.3800048828125,474.04998779296875,468.8699951171875,471.79998779296875,10940200
2025-11-17,470.8699951171875,472.3599853515625,464.5400085449219,466.32000732421875,7599500
2025-11-18,462.1700134277344,464.1000061035156,459.5299987792969,461.29998779296875,12817500
2025-11-19,461.510009765625,463.3999938964844,459.4200134277344,461.760009765625,5833400
2025-11-20,466.6400146484375,469.0299987792969,457.7099914550781,458.1000061035156,13414200
2025-11-21,459.5400085449219,465.82000732421875,457.8500061035156,462.57000732421875,11821400
2025-11-24,463.75,465.8699951171875,461.010009765625,464.44000244140625,6206800
2025-11-25,465.5799865722656,471.8999938964844,463.45001220703125,471.17999267578125,7203600
2025-11-26,472.20001220703125,475.7900085449219,471.92999267578125,474.3500061035156,5689100
2025-11-28,474.82000732421875,477.6099853515625,474.82000732421875,477.17999267578125,2281800
2025-12-01,474.3399963378906,476.95001220703125,472.95001220703125,473.32000732421875,4413900
2025-12-02,474.2099914550781,476.4599914550781,473.1199951171875,475.260009765625,5233500
2025-12-03,474.8299865722656,480.17999267578125,474.6700134277344,479.4100036621094,5994200
2025-12-04,479.7099914550781,481.2300109863281,477.5,479.07000732421875,4003800
2025-12-05,479.4800109863281,481.92999267578125,479.2900085449219,480.0299987792969,4596600
2025-12-08,480.489990234375,480.5199890136719,476.8399963378906,478.1499938964844,4427600
2025-12-09,478.07000732421875,480.2799987792969,476.0899963378906,476.4200134277344,4266900
2025-12-10,476.1300048828125,482.75,475.3599853515625,481.3500061035156,5476200
2025-12-11,482.20001220703125,488.3800048828125,481.9599914550781,487.8699951171875,6972300
2025-12-12,488.70001220703125,489.6600036621094,484.1700134277344,485.3999938964844,7089900
2025-12-15,487.5799865722656,487.7300109863281,483.7099914550781,485.1700134277344,4891300
2025-12-16,484.4599914550781,485.4800109863281,480.3299865722656,481.9800109863281,5373200
2025-12-17,482.80999755859375,484.7900085449219,479.489990234375,479.79998779296875,6381600
2025-12-18,482.17999267578125,484.6300048828125,479.4100036621094,480.510009765625,6422800
2025-12-19,480.6199951171875,482.79998779296875,480.42999267578125,481.1499938964844,6439100
2025-12-22,481.8599853515625,484.42999267578125,481.8599853515625,483.4599914550781,4162000
2025-12-23,482.17999267578125,485.1199951171875,482.17999267578125,484.2300109863281,3677800
2025-12-24,484.19000244140625,487.57000732421875,483.5899963378906,487.010009765625,1544000
2025-12-26,486.8399963378906,487.6199951171875,485.7300109863281,487.0299987792969,2711500
2025-12-29,485.8900146484375,486.9100036621094,483.75,484.5899963378906,3390100
2025-12-30,484.6199951171875,484.6700134277344,482.82000732421875,483.5899963378906,3042700
2025-12-31,483.6499938964844,483.80999755859375,480.3599853515625,480.57000732421875,3441900
2026-01-02,481.8500061035156,483.95001220703125,478.3800048828125,483.6300048828125,7021100
2026-01-05,484.4100036621094,492.0400085449219,484.25,489.7699890136719,7574400
2026-01-06,489.3299865722656,495.1199951171875,488.9599914550781,494.6099853515625,6061400
2026-01-07,495.6499938964844,496.25,489.5,489.9599914550781,5603700
2026-01-08,487.80999755859375,493.5199890136719,487.80999755859375,492.5299987792969,6544800
2026-01-09,492.8599853515625,495.70001220703125,491.9100036621094,495.0199890136719,6004600
2026-01-12,492.3299865722656,496.3399963378906,490.04998779296875,495.8999938964844,5722400
2026-01-13,495.54998779296875,495.9599914550781,490.6300048828125,491.94000244140625,5966400
2026-01-14,490.6600036621094,491.94000244140625,488.54998779296875,491.5799865722656,6767800
2026-01-15,492.3699951171875,495.8299865722656,492.2099914550781,494.4800109863281,8519900
2026-01-16,494.5,496.0,492.2699890136719,493.4200134277344,5845500
2026-01-20,486.1700134277344,489.05999755859375,484.25,484.8800048828125,7416300
2026-01-21,485.6700134277344,492.9100036621094,485.55999755859375,490.79998779296875,6718600
2026-01-22,493.4700012207031,496.010009765625,492.4599914550781,493.69000244140625,5087200
2026-01-23,491.82000732421875,492.1300048828125,489.55999755859375,490.92999267578125,4915700
2026-01-26,491.9100036621094,494.8500061035156,491.4700012207031,494.05999755859375,3722800
2026-01-27,490.69000244140625,491.5899963378906,488.55999755859375,490.05999755859375,5971400
2026-01-28,490.2799987792969,491.3900146484375,488.92999267578125,490.1300048828125,4726500
2026-01-29,490.0799865722656,492.95001220703125,485.8900146484375,490.2099914550781,9706500
2026-01-30,489.1099853515625,490.4800109863281,484.55999755859375,489.0299987792969,8112100
2026-02-02,488.8699951171875,494.80999755859375,486.9800109863281,494.0299987792969,5584500
2026-02-03,493.1400146484375,496.5199890136719,488.2799987792969,492.30999755859375,8799100
2026-02-04,493.9200134277344,496.5,491.1099853515625,494.75,8797100
2026-02-05,492.510009765625,493.44000244140625,488.2300109863281,488.9100036621094,7767500
2026-02-06,492.3699951171875,501.6700134277344,492.1300048828125,501.0299987792969,10635300
2026-02-09,500.1099853515625,502.1600036621094,498.30999755859375,501.2200012207031,6414800
2026-02-10,502.3399963378906,505.29998779296875,501.260009765625,501.8999938964844,8163100
2026-02-11,504.2099914550781,505.1199951171875,499.1300048828125,501.3299865722656,5743800
2026-02-12,503.1300048828125,504.5400085449219,494.32000732421875,494.6700134277344,9160300
2026-02-13,495.0400085449219,497.7799987792969,491.20001220703125,495.2799987792969,8378100
2026-02-17,495.3299865722656,497.57000732421875,492.1099853515625,495.8500061035156,6779400
2026-02-18,496.7799987792969,499.3399963378906,494.6499938964844,497.0,4454300
2026-02-19,495.55999755859375,496.489990234375,492.4100036621094,494.3800048828125,4625400
2026-02-20,492.5400085449219,497.0,491.3900146484375,496.0799865722656,6086800
2026-02-23,494.5,496.989990234375,487.1499938964844,488.010009765625,8269200
2026-02-24,488.3900146484375,492.8500061035156,487.45001220703125,491.7900085449219,5335000
2026-02-25,493.6300048828125,495.1300048828125,491.8999938964844,494.82000732421875,4446200
2026-02-26,497.0,498.2099914550781,492.239990234375,494.8599853515625,6467000
2026-02-27,489.6300048828125,490.95001220703125,486.760009765625,489.6600036621094,7198400
2026-03-02,484.3399963378906,490.9800109863281,484.1499938964844,489.17999267578125,7218500
2026-03-03,480.1600036621094,487.3900146484375,476.7300109863281,485.5199890136719,11570700
2026-03-04,486.55999755859375,489.0299987792969,483.95001220703125,487.739990234375,7590700
2026-03-05,483.82000732421875,485.489990234375,476.1499938964844,479.8399963378906,8758600
2026-03-06,473.7200012207031,476.2300109863281,470.4599914550781,475.2300109863281,8206100
2026-03-09,470.8800048828125,479.3800048828125,466.67999267578125,477.8800048828125,10305600
2026-03-10,477.739990234375,482.8699951171875,475.010009765625,477.70001220703125,6265600
2026-03-11,477.3999938964844,477.7699890136719,472.4599914550781,474.80999755859375,6701700
2026-03-12,470.3399963378906,471.4800109863281,467.4100036621094,467.4800109863281,8000200
2026-03-13,469.94000244140625,472.1000061035156,465.7799987792969,466.4100036621094,7471700
2026-03-16,470.07000732421875,472.70001220703125,468.9800109863281,470.29998779296875,7059900
2026-03-17,473.3800048828125,475.1300048828125,470.6300048828125,470.8999938964844,6189400
2026-03-18,468.7699890136719,469.75,462.760009765625,463.0,7090700
2026-03-19,459.9700012207031,463.3699951171875,458.1600036621094,461.05999755859375,7882800
2026-03-20,458.7300109863281,460.57000732421875,453.5400085449219,455.8900146484375,10543300
2026-03-23,463.29998779296875,467.0400085449219,460.9200134277344,461.9700012207031,9978100
2026-03-24,458.4200134277344,463.94000244140625,457.44000244140625,461.1700134277344,8188000
2026-03-25,465.7300109863281,467.239990234375,461.79998779296875,464.1400146484375,7019700
2026-03-26,461.5400085449219,465.42999267578125,458.94000244140625,459.30999755859375,8284000
2026-03-27,457.3599853515625,457.5,450.489990234375,451.3900146484375,6938500
2026-03-30,455.6000061035156,456.1199951171875,450.44000244140625,452.05999755859375,9181600
2026-03-31,456.80999755859375,463.82000732421875,454.6700134277344,463.19000244140625,11656300
2026-04-01,466.0,467.8999938964844,464.5,465.4800109863281,7790300
2026-04-02,460.1600036621094,467.5199890136719,458.8800048828125,465.05999755859375,3955900
2026-04-06,464.1600036621094,467.0199890136719,463.4599914550781,466.7699890136719,2905300
2026-04-07,465.75,466.30999755859375,462.1099853515625,465.8800048828125,3943200
2026-04-08,478.8800048828125,480.20001220703125,475.55999755859375,479.1600036621094,4697500
2026-04-09,477.489990234375,483.2699890136719,477.010009765625,481.8999938964844,4213700
2026-04-10,482.20001220703125,482.3999938964844,478.6300048828125,479.25,2659000
2026-04-13,476.1000061035156,482.2799987792969,475.1499938964844,482.1300048828125,3768700
2026-04-14,482.4100036621094,485.9700012207031,481.8599853515625,485.489990234375,4217900
2026-04-15,486.510009765625,487.0799865722656,482.8599853515625,484.7200012207031,3474500
2026-04-16,485.82000732421875,486.7799987792969,483.3500061035156,485.6300048828125,4111500
2026-04-17,490.6700134277344,497.0400085449219,490.3599853515625,494.2200012207031,10238700
2026-04-20,493.45001220703125,494.7799987792969,492.30999755859375,494.3299865722656,3764000
2026-04-21,497.239990234375,498.3800048828125,490.32000732421875,491.3599853515625,4322200
2026-04-22,495.32000732421875,496.1400146484375,493.2300109863281,494.760009765625,4022400
2026-04-23,492.54998779296875,495.1300048828125,488.510009765625,493.0,4077300
2026-04-24,493.04998779296875,493.489990234375,490.7699890136719,492.2099914550781,3372300
2026-04-27,491.6000061035156,493.54998779296875,490.2900085449219,491.8299865722656,2132100
2026-04-28,493.4599914550781,493.82000732421875,490.7699890136719,491.4200134277344,3057100
2026-04-29,490.95001220703125,491.489990234375,487.0,488.6700134277344,3322300
2026-04-30,490.9800109863281,497.5799865722656,490.3900146484375,496.6499938964844,5352300
2026-05-01,498.8399963378906,499.92999267578125,494.9100036621094,495.0199890136719,4402600
2026-05-04,493.5,494.3299865722656,489.0,489.55999755859375,3310400
2026-05-05,491.8900146484375,493.5899963378906,490.0299987792969,492.9599914550781,3386200
2026-05-06,496.9800109863281,500.0799865722656,496.8999938964844,499.04998779296875,4317300
2026-05-07,500.510009765625,501.20001220703125,494.7699890136719,495.9100036621094,4490500
2026-05-08,498.4800109863281,498.54998779296875,494.92999267578125,496.1300048828125,3495200
2026-05-11,495.79998779296875,497.8399963378906,494.760009765625,497.1099853515625,4249100
2026-05-12,496.510009765625,498.4100036621094,493.19000244140625,497.8900146484375,7445700
2026-05-13,496.1600036621094,497.6099853515625,494.6400146484375,497.1400146484375,3256800
2026-05-14,501.3900146484375,502.1600036621094,498.8500061035156,500.79998779296875,4920500
2026-05-15,497.32000732421875,497.739990234375,495.0799865722656,495.3699951171875,5300700
2026-05-18,495.6499938964844,497.6400146484375,493.6000061035156,497.010009765625,5496200
2026-05-19,494.8299865722656,496.3399963378906,492.5799865722656,493.9800109863281,5361300
2026-05-20,495.8699951171875,500.92999267578125,492.489990234375,500.239990234375,6516100
2026-05-21,498.7799987792969,504.04998779296875,497.2099914550781,503.1099853515625,6576000
2026-05-22,507.010009765625,508.739990234375,505.69000244140625,506.1199951171875,5172200
2026-05-26,507.57000732421875,508.239990234375,503.9700012207031,505.25,3897800
2026-05-27,505.92999267578125,508.70001220703125,505.80999755859375,506.8800048828125,4247800
2026-05-28,505.3399963378906,508.2099914550781,503.6400146484375,507.04998779296875,3709600
2026-05-29,507.8999938964844,511.30999755859375,507.20001220703125,510.7799987792969,5346700
2026-06-01,509.8500061035156,511.8599853515625,508.3299865722656,511.44000244140625,4424800
2026-06-02,509.0799865722656,514.489990234375,508.92999267578125,514.0499877929688,5078000
2026-06-03,511.1700134277344,512.8499755859375,507.989990234375,508.260009765625,4098000
2026-06-04,513.6900024414062,517.5800170898438,512.6799926757812,516.7000122070312,6390700
2026-06-05,517.7100219726562,517.75,508.75,509.70001220703125,6610700
2026-06-08,510.7699890136719,513.760009765625,508.32000732421875,508.9100036621094,4825700
2026-06-09,511.4800109863281,513.5399780273438,503.0799865722656,509.4100036621094,6249400
2026-06-10,507.489990234375,508.739990234375,500.1000061035156,500.25,5153400
2026-06-11,503.19000244140625,510.760009765625,501.57000732421875,509.3599853515625,6353900
2026-06-12,512.8900146484375,515.2999877929688,509.4800109863281,513.0599975585938,8384500
2026-06-15,519.22998046875,520.8400268554688,517.8699951171875,518.4400024414062,5379400
2026-06-16,520.3200073242188,523.2999877929688,520.0599975585938,521.4400024414062,4812600
2026-06-17,521.260009765625,524.1699829101562,515.2999877929688,516.2999877929688,6563500
2026-06-18,518.4299926757812,519.52001953125,515.4299926757812,515.52001953125,7134400
2026-06-22,516.8400268554688,518.9099731445312,515.989990234375,517.0800170898438,6552200
2026-06-23,514.6799926757812,518.719970703125,512.969970703125,516.6199951171875,5039200
2026-06-24,516.1900024414062,522.4299926757812,516.010009765625,518.52001953125,4395900
2026-06-25,521.1900024414062,526.5700073242188,518.5499877929688,519.260009765625,5357500
2026-06-26,517.0,521.280029296875,516.0999755859375,517.75,3823600
2026-06-29,520.6300048828125,522.97998046875,519.4000244140625,521.6799926757812,5733400
2026-06-30,522.3499755859375,523.1400146484375,519.5900268554688,522.3900146484375,3607900
2026-07-01,521.4299926757812,526.719970703125,519.6199951171875,522.4000244140625,3438400
2026-07-02,525.489990234375,528.260009765625,523.72998046875,527.8800048828125,3518700
2026-07-06,528.719970703125,530.0900268554688,525.8499755859375,530.0900268554688,3236900
2026-07-07,532.510009765625,532.5399780273438,527.1099853515625,528.4500122070312,4489200
2026-07-08,523.3400268554688,524.4600219726562,520.030029296875,522.77001953125,3575000
2026-07-09,523.6500244140625,525.1500244140625,522.1400146484375,524.1900024414062,3056400
2026-07-10,525.6400146484375,526.469970703125,521.739990234375,525.780029296875,3469400
2026-07-13,525.8400268554688,527.8599853515625,522.9000244140625,524.469970703125,2723800
2026-07-14,523.3200073242188,526.719970703125,522.5599975585938,524.6900024414062,3664000
2026-07-15,525.9000244140625,527.72998046875,523.7000122070312,525.9500122070312,3246900
2026-07-16,526.8099975585938,527.9299926757812,523.0700073242188,524.8300170898438,3173300
2026-07-17,519.6400146484375,525.3599853515625,518.9000244140625,520.8099975585938,4741300
2026-07-20,522.0399780273438,523.4000244140625,517.1599731445312,517.9400024414062,2336600
2026-07-21,519.6300048828125,523.010009765625,518.1199951171875,521.510009765625,3240700
2026-07-22,521.6300048828125,524.3699951171875,521.010009765625,521.469970703125,3204100
2026-07-23,515.0700073242188,518.1699829101562,514.719970703125,516.260009765625,4305100
2026-07-24,517.280029296875,520.5599975585938,516.27001953125,518.760009765625,3328400
2026-07-27,524.7000122070312,525.3400268554688,519.2899780273438,521.260009765625,3355200
2026-07-28,526.1900024414062,528.469970703125,523.6699829101562,526.8900146484375,5157900
2026-07-29,522.4600219726562,523.1699829101562,514.8200073242188,515.4099731445312,7369400
2026-07-30,518.8400268554688,521.97998046875,515.8699951171875,521.510009765625,3225300
2026-07-31,524.0800170898438,525.6099853515625,519.25,524.3200073242188,3981100
2026-08-03,529.5499877929688,531.6500244140625,528.6900024414062,531.219970703125,4328000
2026-08-04,537.9000244140625,542.0900268554688,536.0,540.4299926757812,6705400
2026-08-05,543.2999877929688,546.75,542.6500244140625,542.8099975585938,5256700
2026-08-06,543.7999877929688,544.5700073242188,537.6900024414062,538.1900024414062,3651800
2026-08-07,538.7100219726562,540.219970703125,537.4299926757812,539.6199951171875,2230100
2026-08-10,538.7000122070312,540.02001953125,537.8800048828125,538.989990234375,3408900
2026-08-11,539.9099731445312,541.719970703125,536.9099731445312,537.280029296875,2826800
2026-08-12,539.010009765625,539.1900024414062,536.8599853515625,537.1500244140625,3167600
2026-08-13,538.7000122070312,539.969970703125,535.6900024414062,537.9099731445312,2033100
2026-08-14,537.4099731445312,538.280029296875,536.2000122070312,536.7999877929688,2089100
2026-08-17,534.5,535.97998046875,533.489990234375,534.1900024414062,2668100
2026-08-18,533.3800048828125,534.260009765625,532.02001953125,532.9099731445312,3825700
2026-08-19,535.3300170898438,536.6799926757812,533.5800170898438,534.27001953125,3062700
2026-08-20,530.3499755859375,531.780029296875,527.2000122070312,527.510009765625,2868500
2026-08-21,530.030029296875,532.9099731445312,529.4299926757812,532.219970703125,3034400
2026-08-24,531.8300170898438,534.47998046875,531.8300170898438,533.6500244140625,4587500
2026-08-25,536.3699951171875,536.52001953125,533.1900024414062,535.239990234375,2443900
2026-08-26,535.3400268554688,535.9500122070312,533.3099975585938,534.22998046875,1761300
2026-08-27,533.5599975585938,536.6300048828125,532.9199829101562,535.219970703125,2500300
2026-08-28,536.530029296875,537.72998046875,534.4000244140625,535.0599975585938,2655400
2026-08-31,533.5599975585938,533.5599975585938,530.780029296875,531.5700073242188,1744800
2026-09-01,528.6699829101562,531.6500244140625,526.8400268554688,527.75,3189300
2026-09-02,529.510009765625,532.1699829101562,529.239990234375,530.6199951171875,3114500
2026-09-03,534.0399780273438,537.6199951171875,532.9400024414062,536.9299926757812,4806300
2026-09-04,535.1300048828125,536.3699951171875,532.9299926757812,534.0800170898438,2321500
2026-09-08,530.219970703125,530.3900146484375,527.3499755859375,528.030029296875,3643200
2026-09-09,525.6400146484375,525.739990234375,523.25,524.0700073242188,3782000
2026-09-10,522.2899780273438,523.02001953125,519.7999877929688,520.75,4748300
2026-09-11,525.3699951171875,527.3599853515625,524.2899780273438,525.7899780273438,3435700
2026-09-14,524.5399780273438,526.7899780273438,523.0999755859375,524.489990234375,2698100
2026-09-15,523.1799926757812,523.6400146484375,519.2100219726562,521.22998046875,3226000
2026-09-16,521.9000244140625,522.2999877929688,512.2899780273438,515.219970703125,5678700
2026-09-17,520.489990234375,520.6699829101562,516.5499877929688,518.3499755859375,4204900
2026-09-18,516.52001953125,517.0800170898438,514.1500244140625,515.8800048828125,2690000
2026-09-21,520.030029296875,520.52001953125,516.760009765625,519.780029296875,3079200
2026-09-22,522.47998046875,522.5499877929688,516.510009765625,518.0,3367800
2026-09-23,516.02001953125,517.6599731445312,513.9500122070312,514.2999877929688,4171500
2026-09-24,512.8499755859375,514.1400146484375,510.4200134277344,512.6799926757812,2761500
2026-09-25,514.0,517.9199829101562,512.5900268554688,517.489990234375,2788600
2026-09-28,514.2899780273438,517.0399780273438,513.2999877929688,514.02001953125,2433800
2026-09-29,513.7899780273438,514.260009765625,510.4599914550781,512.8800048828125,2567500
2026-09-30,513.989990234375,514.1599731445312,508.3399963378906,508.54998779296875,2695300
2026-10-01,509.3699951171875,510.95001220703125,504.70001220703125,508.6199951171875,4411400
2026-10-02,512.5399780273438,513.0599975585938,508.69000244140625,511.1000061035156,3977100
2026-10-05,510.3699951171875,513.280029296875,507.8399963378906,512.1099853515625,3219900
2026-10-06,514.3200073242188,515.989990234375,513.489990234375,514.5599975585938,2877800
2026-10-07,510.4700012207031,511.8599853515625,508.4599914550781,511.0199890136719,4444300
2026-10-08,509.010009765625,511.7699890136719,508.6600036621094,511.6499938964844,3999300
2026-10-09,511.7900085449219,517.030029296875,511.6700134277344,516.1099853515625,2725100
